Workbook

Sheet ROE
A1: Ticker | B1: Sector | C1: 44286 | D1: 44377 | E1: 44469 | F1: 44561 | G1: 44651 | H1: 44742 | I1: 44834 | J1: 44926 | K1: 45016 | L1: 45107 | M1: 45199 | N1: 45291 | O1: 45382 | P1: 45473 | Q1: 45565 | R1: 45657 | S1: 45747 | T1: 45838 | U1: 45930 | V1: 46022 | W1: 46097 | X1: Latest ROE
A2: A UN Equity | B2: Health Care | C2: 16.7841 | D2: 19.3151 | E2: 19.9456 | F2: 23.5821 | G2: 24.2016 | H2: 25.4329 | I2: 26.4621 | J2: 23.4524 | K2: 24.5842 | L2: 24.7822 | M2: 21.279 | N2: 22.2422 | O2: 20.9545 | P2: 20.7086 | Q2: 24.6575 | R2: 21.9535 | S2: 20.614 | T2: 18.8826 | U2: 19.881 | V2: 20.6187 | W2: 19.9459 | X2: 19.9459
A3: AAPL UW Equity | B3: Information Technology | C3: 103.4003 | D3: 127.1247 | E3: 147.4433 | F3: 145.5673 | G3: 149.2711 | H3: 162.8163 | I3: 175.4593 | J3: 147.943 | K3: #N/A N/A | L3: 145.6054 | M3: 171.9495 | N3: 154.2694 | O3: 147.2498 | P3: 160.5834 | Q3: 157.4125 | R3: 136.5205 | S3: 138.0155 | T3: 149.8136 | U3: 171.4224 | V3: 152.0213 | W3: #N/A N/A | X3: #N/A N/A | AC3: 22.2422 | AD3: 16.7841
A4: ABBV UN Equity | B4: Health Care | C4: #N/A N/A | D4: 48.3484 | E4: 51.7765 | F4: 80.4592 | G4: 80.4592 | H4: 92.3738 | I4: 90.3466 | J4: 72.1634 | K4: 72.1634 | L4: 62.7494 | M4: 46.0695 | N4: 34.9026 | O4: 55.9184 | P4: 53.93 | Q4: 56.1735 | R4: 62.0826 | S4: 62.0826 | T4: #N/A N/A | U4: #N/A N/A | V4: #N/A N/A | W4: #N/A N/A | X4: #N/A N/A | AD4: 16.7841
A5: ABNB UW Equity | B5: Consumer Discretionary | C5: #N/A N/A | D5: #N/A N/A | E5: #N/A N/A | F5: -9.1584 | G5: 82.6726 | H5: 28.9166 | I5: 32.6224 | J5: 36.6393 | K5: 51.0539 | L5: 44.6483 | M5: 74.4725 | N5: 69.8288 | O5: 74.9071 | P5: 74.175 | Q5: 20.8733 | R5: 31.9479 | S5: 88.5754 | T5: 33.2615 | U5: 30.7755 | V5: 30.233 | W5: 30.233 | X5: 30.233 | AA5: 24.6575 | AB5: 45295 | AC5: 131
A6: ABT UN Equity | B6: Health Care | C6: 14.075 | D6: 19.808 | E6: 22.0156 | F6: 20.6194 | G6: 20.309 | H6: 24.3392 | I6: 22.5088 | J6: 19.1287 | K6: 40.4676 | L6: 14.0123 | M6: 14.1123 | N6: 15.2028 | O6: 14.851 | P6: 14.5296 | Q6: 14.9255 | R6: 31.071 | S6: 32.0596 | T6: 31.1049 | U6: 30.8033 | V6: 13.0749 | W6: 13.0749 | X6: 13.0749 | Y6: 45294 | Z6: 184.25 | AA6: 21.9535 | AB6: 45296 | AC6: 130.56
A7: AAL UW Equity | B7: Industrials | C7: 17.9492 | D7: #N/A N/A | E7: #N/A N/A | F7: #N/A N/A | G7: 22.404 | H7: #N/A N/A | I7: #N/A N/A | J7: #N/A N/A | K7: 16.0312 | L7: #N/A N/A | M7: #N/A N/A | N7: #N/A N/A | O7: #N/A N/A | P7: #N/A N/A | Q7: #N/A N/A | R7: #N/A N/A | S7: 30.8191 | T7: #N/A N/A | U7: #N/A N/A | V7: #N/A N/A | W7: #N/A N/A | X7: #N/A N/A | Y7: 45295 | Z7: 181.91 | AA7: 45299 | AB7: 45299 | AC7: 133.38
A8: ACGL UW Equity | B8: Financials | C8: 11.2953 | D8: 17.0027 | E8: 16.25 | F8: 16.3578 | G8: 16.3578 | H8: 13.0239 | I8: 10.205 | J8: 11.5879 | K8: 11.5879 | L8: 17.501 | M8: 23.0826 | N8: 29.7469 | O8: 30.3487 | P8: 32.1346 | Q8: 31.6347 | R8: 22.7761 | S8: 22.7761 | T8: 17.5712 | U8: 18.2979 | V8: 20.1033 | W8: 20.1033 | X8: 20.1033 | Y8: 45296 | Z8: 181.18 | AA8: 45300 | AB8: 45300 | AC8: 130.68
A9: AAP UN Equity | B9: Consumer Discretionary | C9: 14.1371 | D9: 18.0537 | E9: 17.7601 | F9: 18.5779 | G9: 15.1737 | H9: 17.7803 | I9: 17.5736 | J9: 16.2955 | K9: 15.4919 | L9: 14.119 | M9: 11.8045 | N9: 5.5107 | O9: #N/A N/A | P9: 0.8234 | Q9: -0.4565 | R9: 1.6731 | S9: 18.9899 | T9: -14.7754 | U9: -15.8751 | V9: -15.723 | W9: 2.0147 | X9: 2.0147 | Y9: 45299 | Z9: 185.56 | AA9: 45301 | AB9: 45301 | AC9: 131.09
A10: ACN UN Equity | B10: Information Technology | C10: 32.3081 | D10: 32.6861 | E10: 32.3395 | F10: 32.3973 | G10: 32.8889 | H10: 32.5459 | I10: 33.0351 | J10: 16.8653 | K10: 31.3149 | L10: 30.6656 | M10: 28.7519 | N10: 1.1618 | O10: 27.6356 | P10: 26.2014 | Q10: 26.9158 | R10: -14.3199 | S10: 27.2613 | T10: 27.2689 | U10: 25.8168 | V10: 25.3458 | W10: #N/A N/A | X10: #N/A N/A | Y10: 45300 | Z10: 185.14 | AA10: 45302 | AB10: 45302 | AC10: 129.68
A11: ADBE UW Equity | B11: Information Technology | C11: 46.3621 | D11: 45.1381 | E11: 44.6971 | F11: 34.368 | G11: 35.3355 | H11: 35.1259 | I11: 33.4387 | J11: 32.9728 | K11: 33.8587 | L11: 33.6814 | M11: 33.9713 | N11: 35.5131 | O11: 32.367 | P11: 34.2239 | Q11: 35.355 | R11: 36.3126 | S11: 47.2842 | T11: 52.2536 | U11: 52.8748 | V11: 55.426 | W11: 58.7736 | X11: 58.7736 | Y11: 45301 | Z11: 186.19 | AA11: 45303 | AB11: 45303 | AC11: 130.54
A12: ADI UW Equity | B12: Information Technology | C12: 11.8214 | D12: 13.1376 | E12: 14.1527 | F12: 5.5627 | G12: 5.1781 | H12: 6.6671 | I12: 7.7216 | J12: 7.3829 | K12: 9.2753 | L12: 9.9144 | M12: 10.3453 | N12: 9.2033 | O12: 7.8131 | P12: 6.0072 | Q12: 4.6576 | R12: 4.6232 | S12: 4.429 | T12: 5.2132 | U12: 5.6518 | V12: 6.5728 | W12: 7.8622 | X12: 7.8622 | Y12: 45302 | Z12: 185.59 | AA12: 45307 | AB12: 45307 | AC12: 130.53
A13: ADM UN Equity | B13: Consumer Staples | C13: 9.039 | D13: 11.3174 | E13: 12.6614 | F13: 12.7551 | G13: 12.7551 | H13: 15.652 | I13: 17.8523 | J13: 18.5625 | K13: 18.5625 | L13: 16.8126 | M13: 15.9959 | N13: 14.3878 | O13: 12.6542 | P13: 11.0476 | Q13: 7.6183 | R13: 7.7754 | S13: 7.7754 | T13: 4.9307 | U13: 5.3479 | V13: 4.8017 | W13: 4.8017 | X13: 4.8017 | Y13: 45303 | Z13: 185.92 | AA13: 45308 | AB13: 45308 | AC13: 128.12
A14: ADP UW Equity | B14: Industrials | C14: 10.4038 | D14: 45.4987 | E14: 48.3333 | F14: 50.1169 | G14: 13.7962 | H14: 66.2994 | I14: 76.3775 | J14: 78.2947 | K14: 18.3442 | L14: 101.3275 | M14: 115.4613 | N14: 97.3844 | O14: 88.9225 | P14: 93.1399 | Q14: 87.2628 | R14: 83.7162 | S14: 6.0259 | T14: 76.0013 | U14: 70.5709 | V14: 73.8395 | W14: 73.8395 | X14: 73.8395 | Y14: 45307 | Z14: 183.63 | AA14: 45309 | AB14: 45309 | AC14: 130.46
A15: ADSK UW Equity | B15: Information Technology | C15: 44.2792 | D15: #N/A N/A | E15: 188.5313 | F15: 195.6567 | G15: 58.0046 | H15: 53.9074 | I15: 53.9801 | J15: 56.6449 | K15: 82.686 | L15: 106.2104 | M15: 89.8253 | N15: 76.8007 | O15: 60.4 | P15: 65.206 | Q15: 57.4457 | R15: 53.2455 | S15: 76.2889 | T15: 42.3608 | U15: 40.2004 | V15: 40.334 | W15: 39.6753 | X15: 39.6753 | Y15: 45308 | Z15: 182.68 | AA15: 45310 | AB15: 45310 | AC15: 131.22
A16: AEE UN Equity | B16: Utilities | C16: 10.2489 | D16: #N/A N/A | E16: #N/A N/A | F16: #N/A N/A | G16: #N/A N/A | H16: 10.4924 | I16: 10.4194 | J16: 10.6295 | K16: 10.6295 | L16: 10.8471 | M16: 10.8925 | N16: 10.5412 | O16: 10.4218 | P16: 10.5235 | Q16: 9.9056 | R16: 10.0754 | S16: 10.0754 | T16: 10.288 | U16: 11.4655 | V16: 11.4129 | W16: 11.4129 | X16: 11.4129 | Y16: 45309 | Z16: 188.63 | AA16: 45313 | AB16: 45313 | AC16: 132.55
A17: AEP UW Equity | B17: Utilities | C17: 11.1182 | D17: 11.2586 | E17: 11.1461 | F17: 11.5531 | G17: 11.5531 | H17: 11.299 | I17: 10.5424 | J17: 9.9414 | K17: 10.6403 | L17: 8.2611 | M17: 9.0726 | N17: 6.2594 | O17: 8.6478 | P17: 7.8388 | Q17: 7.5739 | R17: 11.3518 | S17: 10.2274 | T17: 12.77 | U17: 12.8195 | V17: #N/A N/A | W17: #N/A N/A | X17: #N/A N/A | Y17: 45310 | Z17: 191.56 | AA17: 45314 | AB17: 45314 | AC17: 131.64
A18: AES UN Equity | B18: Utilities | C18: 11.1733 | D18: -5.7643 | E18: 24.3529 | F18: -17.7556 | G18: 11.7118 | H18: -16.1224 | I18: -10.978 | J18: -30.5711 | K18: 8.352 | L18: -19.4175 | M18: -24.8227 | N18: 15.3278 | O18: 23.9602 | P18: 35.8693 | Q18: 42.9746 | R18: 67.1704 | S18: 10.3874 | T18: 31.1146 | U18: 31.7261 | V18: 23.3554 | W18: 23.3554 | X18: 23.3554 | Y18: 45313 | Z18: 193.89 | AA18: 45315 | AB18: 45315 | AC18: 129.78
A19: AFL UN Equity | B19: Financials | C19: -10.0964 | D19: 18.3833 | E19: 12.8334 | F19: 12.9468 | G19: -6.4317 | H19: 14.5305 | I19: 18.2344 | J19: 16.549 | K19: -27.3458 | L19: 20.4972 | M19: 19.5938 | N19: 22.1199 | O19: 24.6993 | P19: 23.5383 | Q19: 16.0382 | R19: 22.64 | S19: 43.7186 | T19: 9.1536 | U19: 15.5798 | V19: 13.1179 | W19: 13.1179 | X19: 13.1179 | Y19: 45314 | Z19: 195.18 | AA19: 45316 | AB19: 45316 | AC19: 129.88
A20: AIG UN Equity | B20: Financials | C20: 18.8189 | D20: 6.5679 | E20: 8.6895 | F20: 14.2539 | G20: 13.2371 | H20: 22.8078 | I20: 26.3547 | J20: 19.7874 | K20: 18.4908 | L20: 11.0463 | M20: 10.3258 | N20: 8.4715 | O20: 11.1666 | P20: -1.5671 | Q20: -5.2956 | R20: -3.283 | S20: 14.408 | T20: 7.4442 | U20: 7.5682 | V20: 7.4459 | W20: 7.4459 | X20: 7.4459 | Y20: 45315 | Z20: 194.5 | AA20: 45317 | AB20: 45317 | AC20: 130.99
A21: AIZ UN Equity | B21: Financials | C21: -6.3126 | D21: 8.0044 | E21: 24.2476 | F21: #N/A N/A | G21: 16.3473 | H21: 23.2868 | I21: 6.7477 | J21: 5.7073 | K21: 12.8313 | L21: 7.7199 | M21: 12.2964 | N21: 14.2174 | O21: 16.4291 | P21: 16.8108 | Q21: 15.2146 | R21: 15.3325 | S21: -4.559 | T21: 13.6535 | U21: 15.4134 | V21: 15.8986 | W21: 15.8986 | X21: 15.8986 | Y21: 45316 | Z21: 194.17 | AA21: 45320 | AB21: 45320 | AC21: 132.83
A22: AJG UN Equity | B22: Financials | C22: 7.914 | D22: 12.9133 | E22: 13.2414 | F22: 12.3419 | G22: 12.3419 | H22: 12.3518 | I22: 12.8057 | J22: 12.6241 | K22: 5.1224 | L22: 11.5838 | M22: 11.9471 | N22: 9.7345 | O22: 10.3359 | P22: 10.3814 | Q22: 10.3517 | R22: 9.4585 | S22: 13.2044 | T22: 9.4873 | U22: 9.0489 | V22: 6.8725 | W22: 6.8725 | X22: 6.8725 | Y22: 45317 | Z22: 192.42 | AA22: 45321 | AB22: 45321 | AC22: 134.28
A23: AKAM UW Equity | B23: Information Technology | C23: 14.5333 | D23: 13.9408 | E23: 13.9119 | F23: 14.8416 | G23: 12.2566 | H23: 13.5287 | I23: 12.1861 | J23: 11.3691 | K23: 12.357 | L23: 11.1645 | M23: 12.0417 | N23: 12.2275 | O23: 14.2177 | P23: 13.9059 | Q23: 11.5411 | R23: 10.6573 | S23: 9.2722 | T23: 9.2083 | U23: 10.6416 | V23: 9.173 | W23: 9.173 | X23: 9.173 | Y23: 45320 | Z23: 191.73 | AA23: 45322 | AB23: 45322 | AC23: 130.1
A24: ALB UN Equity | B24: Materials | C24: 14.7519 | D24: 13.802 | E24: 4.3208 | F24: 2.5001 | G24: 14.5983 | H24: 4.3026 | I24: 25.0033 | J24: 39.5332 | K24: 11.0743 | L24: 49.2847 | M24: 39.9701 | N24: 18.0913 | O24: 3.5198 | P24: -5.915 | Q24: -22.0578 | R24: -15.4166 | S24: 9.8211 | T24: -13.0012 | U24: -2.3935 | V24: -9.0954 | W24: -9.0954 | X24: -9.0954 | Y24: 45321 | Z24: 188.04 | AA24: 45323 | AB24: 45323 | AC24: 133.05
A25: ALGN UW Equity | B25: Health Care | C25: 7.569 | D25: 22.4241 | E25: 22.5961 | F25: 22.5191 | G25: 4.8627 | H25: 17.7283 | I25: 14.1654 | J25: 10.0102 | K25: 48.872 | L25: 8.6796 | M25: 9.6796 | N25: 12.3081 | O25: 12.7704 | P25: 12.0882 | Q25: 11.4009 | R25: 11.2626 | S25: -15.2985 | T25: 11.4099 | U25: 9.5775 | V25: 10.3871 | W25: 10.3871 | X25: 10.3871 | Y25: 45322 | Z25: 184.4 | AA25: 45324 | AB25: 45324 | AC25: 132.97
A26: ALL UN Equity | B26: Financials | C26: 14.6683 | D26: 14.7033 | E26: 12.4872 | F26: 5.7843 | G26: 19.9971 | H26: 3.8546 | I26: -1.5365 | J26: -7.2662 | K26: 8.8171 | L26: -17.3147 | M26: -14.7494 | N26: -2.0267 | O26: 7.605 | P26: 19.3869 | Q26: 26.2098 | R26: 25.9171 | S26: 10.8435 | T26: 29.6271 | U26: 37.3109 | V26: 42.3966 | W26: 42.3966 | X26: 42.3966 | Y26: 45323 | Z26: 186.86 | AA26: 45327 | AB26: 45327 | AC26: 132.82
A27: ALLE UN Equity | B27: Industrials | C27: 15.1762 | D27: 63.8933 | E27: 54.9008 | F27: 60.7995 | G27: 15.4385 | H27: 59.4913 | I27: 52.6004 | J27: 53.8538 | K27: -13.002 | L27: 53.8136 | M27: 55.0657 | N27: 47.8209 | O27: 45.1977 | P27: 43.2232 | Q27: 40.812 | R27: 42.3909 | S27: 21.4625 | T27: 38.9937 | U27: 36.4112 | V27: 36.0844 | W27: 36.0844 | X27: 36.0844 | Y27: 45324 | Z27: 185.85 | AA27: 45328 | AB27: 45328 | AC27: 135.86
A28: AMAT UW Equity | B28: Information Technology | C28: 63.0172 | D28: 42.1754 | E28: 49.073 | F28: 51.5926 | G28: 63.6902 | H28: 57.3222 | I28: 55.085 | J28: 53.3939 | K28: 54.7861 | L28: 50.4823 | M28: 47.4395 | N28: 48.0398 | O28: 46.4067 | P28: 45.193 | Q28: 43.9101 | R28: 40.6054 | S28: 42.0515 | T28: 36.3724 | U28: 35.6353 | V28: 35.5084 | W28: 38.8627 | X28: 38.8627 | Y28: 45327 | Z28: 187.68 | AA28: 45329 | AB28: 45329 | AC28: 132.79
A29: AMCR UN Equity | B29: Materials | C29: 15.34 | D29: 20.0002 | E29: 20.1992 | F29: 20.51 | G29: 20.51 | H29: 18.2003 | I29: 19.4911 | J29: 24.2541 | K29: 24.2541 | L29: 25.8757 | M29: 24.7953 | N29: 15.4864 | O29: 15.9668 | P29: 18.4647 | Q29: 19.6751 | R29: 20.5989 | S29: 20.5989 | T29: 6.5475 | U29: 7.4439 | V29: 7.7302 | W29: 7.7302 | X29: 7.7302 | Y29: 45328 | Z29: 189.3 | AA29: 45330 | AB29: 45330 | AC29: 134.07
A30: AMD UW Equity | B30: Information Technology | C30: 18.39 | D30: 66.2681 | E30: 72.144 | F30: 47.4276 | G30: 20.7551 | H30: 10.0588 | I30: 7.3705 | J30: 4.2412 | K30: 22.2932 | L30: 0.718 | M30: 0.3799 | N30: 1.5437 | O30: 2.0128 | P30: 2.4249 | Q30: 3.262 | R30: 2.8926 | S30: 20.7056 | T30: 4.8777 | U30: 5.6141 | V30: 7.191 | W30: #N/A N/A | X30: #N/A N/A | Y30: 45329 | Z30: 189.41 | AA30: 45331 | AB30: 45331 | AC30: 133.34
A31: ALK UN Equity | B31: Industrials | C31: -36.1798 | D31: -17.0355 | E31: 0.3722 | F31: 14.0816 | G31: 14.0816 | H31: 5.8402 | I31: 1.468 | J31: 1.5229 | K31: 1.5229 | L31: 4.129 | M31: 6.5412 | N31: 5.9276 | O31: 6.3919 | P31: 5.5032 | Q31: 7.5128 | R31: 9.3105 | S31: 9.3105 | T31: 7.6641 | U31: 3.5261 | V31: 2.3557 | W31: 2.3557 | X31: 2.3557 | Y31: 45330 | Z31: 188.32 | AA31: 45334 | AB31: 45334 | AC31: 132.31
A32: AME UN Equity | B32: Industrials | C32: -35.5007 | D32: 14.8189 | E32: 15.1583 | F32: 15.444 | G32: 14.312 | H32: 16.4587 | I32: 16.5676 | J32: 16.1627 | K32: 1.6107 | L32: 16.4279 | M32: 16.5091 | N32: 16.2055 | O32: 15.7655 | P32: 15.3672 | Q32: 14.8857 | R32: 14.9697 | S32: 8.8982 | T32: 14.6389 | U32: 14.6316 | V32: 14.5941 | W32: 14.5941 | X32: 14.5941 | Y32: 45331 | Z32: 188.85 | AA32: 45335 | AB32: 45335 | AC32: 129.76
A33: AMGN UW Equity | B33: Health Care | C33: 14.1709 | D33: 60.7849 | E33: 58.5002 | F33: 73.1641 | G33: 15.9858 | H33: 123.3077 | I33: 115.1643 | J33: 126.4743 | K33: 16.241 | L33: 173.4565 | M33: 133.8049 | N33: 135.793 | O33: 72.5747 | P33: 49.2681 | Q33: 55.7202 | R33: 67.5531 | S33: 14.9638 | T33: 99.1388 | U33: 81.71 | V33: 106.1025 | W33: 106.1025 | X33: 106.1025 | Y33: 45334 | Z33: 187.15 | AA33: 45336 | AB33: 45336 | AC33: 132.24
A34: AMP UN Equity | B34: Financials | C34: 75.2962 | D34: 17.4791 | E34: 37.982 | F34: 47.7839 | G34: 111.6683 | H34: 62.2022 | I34: 69.9911 | J34: 61.7622 | K34: 252.7778 | L34: 68.2729 | M34: 75.4872 | N34: 59.9156 | O34: 69.3561 | P34: 67.6292 | Q34: 56.7505 | R34: 68.3137 | S34: 105.6728 | T34: 58.2393 | U34: 59.5892 | V34: 60.5078 | W34: 60.5078 | X34: 60.5078 | Y34: 45335 | Z34: 185.04 | AA34: 45337 | AB34: 45337 | AC34: 134.75
A35: AMT UN Equity | B35: Real Estate | C35: -1.066 | D35: 47.3796 | E35: 54.2366 | F35: 55.9735 | G35: 58.6758 | H35: 43.8342 | I35: 49.6536 | J35: 33.1494 | K35: 56.4999 | L35: 15.957 | M35: 13.2149 | N35: 30.3625 | O35: 43.6812 | P35: 55.1849 | Q35: 27.1633 | R35: 59.4955 | S35: 58.1077 | T35: 34.1613 | U35: 77.3833 | V35: 71.9149 | W35: 71.9149 | X35: 71.9149 | Y35: 45336 | Z35: 184.15 | AA35: 45338 | AB35: 45338 | AC35: 134.84
A36: AMZN UW Equity | B36: Consumer Discretionary | C36: 51.0947 | D36: 31.2288 | E36: 25.8317 | F36: 28.8056 | G36: 56.9822 | H36: 9.4287 | I36: 8.7757 | J36: -1.915 | K36: 25.8115 | L36: 8.7146 | M36: 12.5313 | N36: 17.4898 | O36: 20.3046 | P36: 21.9327 | Q36: 22.5584 | R36: 24.2897 | S36: 48.1708 | T36: 24.7704 | U36: 24.327 | V36: 22.2858 | W36: 22.2858 | X36: 22.2858 | Y36: 45337 | Z36: 183.86 | AA36: 45342 | AB36: 45342 | AC36: 134.14
A37: ANET UN Equity | B37: Information Technology | C37: 31.9149 | D37: 21.638 | E37: 22.5788 | F37: 23.0406 | G37: 18.0456 | H37: 26.8693 | I37: 28.2324 | J37: 30.514 | K37: 2.9765 | L37: 34.6625 | M37: 34.9061 | N37: 34.4873 | O37: 34.6972 | P37: 34.4627 | Q37: 33.8343 | R37: 33.1367 | S37: 25.2404 | T37: 33.6382 | U37: 31.7364 | V37: 31.4004 | W37: 31.4004 | X37: 31.4004 | Y37: 45338 | Z37: 182.31 | AA37: 45343 | AB37: 45343 | AC37: 135.33
A38: ANSS UW Equity | B38: Information Technology | C38: 21.4754 | D38: 11.8979 | E38: 11.782 | F38: 10.595 | G38: 24.5314 | H38: 10.5321 | I38: 10.5581 | J38: 11.2025 | K38: 31.9891 | L38: 11.1895 | M38: 10.1272 | N38: 9.7582 | O38: 8.5278 | P38: 9.4292 | Q38: 10.4797 | R38: 10.0323 | S38: 33.681 | T38: #N/A N/A | U38: #N/A N/A | V38: #N/A N/A | W38: #N/A N/A | X38: #N/A N/A | Y38: 45342 | Z38: 181.56 | AA38: 45344 | AB38: 45344 | AC38: 132.02
A39: AON UN Equity | B39: Financials | C39: 12.4311 | D39: 51.8914 | E39: 31.8901 | F39: 55.0922 | G39: 10.6942 | H39: 57.7925 | I39: #N/A N/A | J39: #N/A N/A | K39: 12.1001 | L39: 714.2857 | M39: #N/A N/A | N39: #N/A N/A | O39: #N/A N/A | P39: 86.0422 | Q39: #N/A N/A | R39: #N/A N/A | S39: 10.2299 | T39: 37.9917 | U39: 38.3276 | V39: 47.7606 | W39: 47.7606 | X39: 47.7606 | Y39: 45343 | Z39: 182.32 | AA39: 45345 | AB39: 45345 | AC39: 132.03
A40: AOS UN Equity | B40: Industrials | C40: 56.8313 | D40: 25.4029 | E40: 25.6614 | F40: 26.4692 | G40: 50.2115 | H40: 28.6633 | I40: 27.1877 | J40: 13.168 | K40: 13.168 | L40: 14.8659 | M40: 16.4839 | N40: 30.9902 | O40: 31.4434 | P40: 30.3421 | Q40: 29.5438 | R40: 28.6274 | S40: 28.6274 | T40: 27.6035 | U40: 28.2091 | V40: 29.1968 | W40: 29.1968 | X40: 29.1968 | Y40: 45344 | Z40: 184.37 | AA40: 45348 | AB40: 45348 | AC40: 131.49
A41: APA UW Equity | B41: Energy | C41: 22.5608 | D41: #N/A N/A | E41: #N/A N/A | F41: #N/A N/A | G41: 27.8411 | H41: #N/A N/A | I41: #N/A N/A | J41: #N/A N/A | K41: 13.4923 | L41: 230.1624 | M41: 181.764 | N41: 185.5101 | O41: 179.941 | P41: 94.7489 | Q41: 71.8023 | R41: 20.2647 | S41: 27.9697 | T41: 19.0855 | U41: 27.2407 | V41: 25.2176 | W41: 25.2176 | X41: 25.2176 | Y41: 45345 | Z41: 182.52 | AA41: 45349 | AB41: 45349 | AC41: 132.55
A42: APD UN Equity | B42: Materials | C42: 15.6199 | D42: 15.9687 | E42: 16.3867 | F42: 16.4286 | G42: 16.4286 | H42: 17.087 | I42: 16.9099 | J42: 16.3389 | K42: 16.3389 | L42: 15.7707 | M42: 16.755 | N42: 16.2263 | O42: 17.0504 | P42: 17.5852 | Q42: 24.4228 | R42: 24.3071 | S42: 25.3388 | T42: 10.1212 | U42: -2.4609 | V42: -2.0789 | W42: -2.0789 | X42: -2.0789 | Y42: 45348 | Z42: 181.16 | AA42: 45350 | AB42: 45350 | AC42: 137.01
A43: APH UN Equity | B43: Information Technology | C43: 15.6726 | D43: 26.8411 | E43: 26.9959 | F43: 27.2254 | G43: 16.7526 | H43: 29.388 | I43: 29.7169 | J43: 28.5682 | K43: 15.544 | L43: 27.2399 | M43: 26.6307 | N43: 25.102 | O43: 25.4866 | P43: 25.4872 | Q43: 25.332 | R43: 26.7288 | S43: 10.3543 | T43: 31.0224 | U43: 34.7794 | V43: 36.8048 | W43: 36.8048 | X43: 36.8048 | Y43: 45349 | Z43: 182.63 | AA43: 45351 | AB43: 45351 | AC43: 137.36
A44: APO UN Equity | B44: Financials | C44: 26.2197 | D44: 178.6416 | E44: 147.5546 | F44: 86.2405 | G44: 28.3837 | H44: -58.1915 | I44: #N/A N/A | J44: -40.7341 | K44: 27.8982 | L44: 27.0406 | M44: #N/A N/A | N44: 51.8668 | O44: 50.5614 | P44: 51.3663 | Q44: 48.1887 | R44: 31.4397 | S44: 27.5324 | T44: 20.4478 | U44: 21.8616 | V44: 17.8528 | W44: 17.8528 | X44: 17.8528 | Y44: 45350 | Z44: 181.42 | AA44: 45352 | AB44: 45352 | AC44: 139.06
A45: APP UW Equity | B45: Information Technology | C45: 252.2251 | D45: #N/A N/A | E45: #N/A N/A | F45: #N/A N/A | G45: 10.9314 | H45: -5.2101 | I45: -3.981 | J45: -9.5461 | K45: -6.4614 | L45: 1.1852 | M45: 7.0175 | N45: 22.5078 | O45: 44.7393 | P45: 70.6665 | Q45: 113.1408 | R45: 134.5333 | S45: 23.3257 | T45: 245.1388 | U45: 234.6814 | V45: 206.7681 | W45: 206.7681 | X45: 206.7681 | Y45: 45351 | Z45: 180.75 | AA45: 45355 | AB45: 45355 | AC45: 142.86
A46: APTV UN Equity | B46: Consumer Discretionary | C46: 30.1774 | D46: 12.9979 | E46: 10.1552 | F46: 6.4854 | G46: 6.4854 | H46: 1.3763 | I46: 3.7965 | J46: 6.1903 | K46: -4.2 | L46: 10.3168 | M46: 23.5809 | N46: 28.5798 | O46: 29.6573 | P46: 35.6539 | Q46: 24.6592 | R46: 17.5678 | S46: 287.4636 | T46: 9.576 | U46: 3.2482 | V46: 1.833 | W46: 1.833 | X46: 1.833 | Y46: 45352 | Z46: 179.66 | AA46: 45356 | AB46: 45356 | AC46: 144.35
A47: ARE UN Equity | B47: Real Estate | C47: 7.2961 | D47: 7.6361 | E47: 7.2673 | F47: 4.0174 | G47: 3.8973 | H47: 1.862 | I47: 3.2893 | J47: 2.9058 | K47: 6.9509 | L47: 3.0929 | M47: 1.3032 | N47: 0.4938 | O47: 0.9871 | P47: 0.7542 | Q47: 1.5337 | R47: 1.7027 | S47: 15.5172 | T47: -0.1211 | U47: -2.416 | V47: -8.6213 | W47: -8.6213 | X47: -8.6213 | Y47: 45355 | Z47: 175.1 | AA47: 45357 | AB47: 45357 | AC47: 146.22
A48: ARES UN Equity | B48: Financials | C48: 6.7042 | D48: 24.3958 | E48: 24.9151 | F48: 28.5538 | G48: 2.6936 | H48: 18.3366 | I48: 10.9506 | J48: 9.4009 | K48: 4.12 | L48: 18.2848 | M48: 25.1007 | N48: 26.629 | O48: 25.6431 | P48: 20.73 | Q48: 23.3909 | R48: 21.4211 | S48: 0.7307 | T48: 16.1601 | U48: 20.8362 | V48: 16.5138 | W48: 16.5138 | X48: 16.5138 | Y48: 45356 | Z48: 170.12 | AA48: 45358 | AB48: 45358 | AC48: 149.31
A49: ATO UN Equity | B49: Utilities | C49: 28.9474 | D49: 9.5822 | E49: 9.0544 | F49: 8.9911 | G49: 29.815 | H49: 8.8172 | I49: 8.9372 | J49: 8.7928 | K49: 12.3072 | L49: 8.4407 | M49: 8.7286 | N49: 8.7628 | O49: 9.157 | P49: 9.0134 | Q49: 9.0529 | R49: 9.0043 | S49: 16.053 | T49: 9.0529 | U49: 9.319 | V49: 9.2331 | W49: 9.2331 | X49: 9.2331 | Y49: 45357 | Z49: 169.12 | AA49: 45359 | AB49: 45359 | AC49: 147.87
A50: AVB UN Equity | B50: Real Estate | C50: 9.8745 | D50: 9.9091 | E50: 9.4161 | F50: 9.263 | G50: 8.6309 | H50: 7.4671 | I50: 11.1893 | J50: 10.2477 | K50: 8.6442 | L50: 11.0049 | M50: 8.0752 | N50: 8.0639 | O50: 8.3499 | P50: 7.1434 | Q50: 8.8061 | R50: 9.1214 | S50: 9.1814 | T50: 9.7924 | U50: 9.8113 | V50: 8.9273 | W50: 8.9273 | X50: 8.9273 | Y50: 45358 | Z50: 169 | AA50: 45362 | AB50: 45362 | AC50: 147.29
A51: AVGO UW Equity | B51: Information Technology | C51: 7.4316 | D51: 22.6644 | E51: 28.5255 | F51: 31.0854 | G51: 10.3869 | H51: 46.0447 | I51: 47.3485 | J51: 51.0589 | K51: 9.2264 | L51: 69.1034 | M51: 64.5746 | N51: 60.3122 | O51: 24.838 | P51: 22.3404 | Q51: 11.6152 | R51: 12.8619 | S51: 9.6921 | T51: 18.5128 | U51: 27.2544 | V51: 31.0479 | W51: 33.3714 | X51: 33.3714 | Y51: 45359 | Z51: 170.73 | AA51: 45363 | AB51: 45363 | AC51: 147.84
A52: AVY UN Equity | B52: Materials | C52: 41.3478 | D52: 45.8172 | E52: 50.4062 | F52: 47.795 | G52: 43.4165 | H52: 41.4751 | I52: 41.725 | J52: 38.2702 | K52: 38.2702 | L52: 34.2154 | M52: 23.7196 | N52: 24.1821 | O52: 26.099 | P52: 29.3146 | Q52: 30.2412 | R52: 31.7508 | S52: 31.9488 | T52: 31.6796 | U52: 30.2113 | V52: 30.2125 | W52: 30.2125 | X52: 30.2125 | Y52: 45362 | Z52: 172.75 | AA52: 45364 | AB52: 45364 | AC52: 147.82
A53: AWK UN Equity | B53: Utilities | C53: 11.2763 | D53: 11.4983 | E53: 11.4068 | F53: 43.4165 | G53: 18.3682 | H53: 18.2188 | I53: 18.0252 | J53: 10.9399 | K53: 10.9399 | L53: 10.3526 | M53: 10.422 | N53: 10.7947 | O53: 9.8087 | P53: 9.6308 | Q53: 9.7043 | R53: 10.4426 | S53: 10.4426 | T53: 10.3965 | U53: 10.4565 | V53: 10.4965 | W53: 10.4965 | X53: 10.4965 | Y53: 45363 | Z53: 173.23 | AA53: 45365 | AB53: 45365 | AC53: 145.21
A54: AXON UW Equity | B54: Industrials | C54: 11.196 | D54: -7.123 | E54: -2.0583 | F54: -5.9303 | G54: 18.3437 | H54: 12.294 | I54: 8.908 | J54: 12.7044 | K54: 9.7842 | L54: 7.4936 | M54: 10.6183 | N54: 12.0667 | O54: 16.2825 | P54: 17.2672 | Q54: 16.5101 | R54: 19.1221 | S54: 10.4279 | T54: 14.0008 | U54: 10.0279 | V54: 4.4757 | W54: 4.4757 | X54: 4.4757 | Y54: 45364 | Z54: 171.13 | AA54: 45366 | AB54: 45366 | AC54: 147.48
A55: AXP UN Equity | B55: Financials | C55: -6.8405 | D55: 29.6989 | E55: 33.1008 | F55: 35.1321 | G55: 4.0053 | H55: 30.6762 | I55: 31.1789 | J55: 31.5646 | K55: 10.8717 | L55: 29.3444 | M55: 30.7974 | N55: 31.2765 | O55: 32.3946 | P55: 34.5074 | Q55: 34.227 | R55: 34.2758 | S55: 15.1656 | T55: 32.3907 | U55: 33.5168 | V55: 33.5781 | W55: 33.5781 | X55: 33.5781 | Y55: 45365 | Z55: 173 | AA55: 45369 | AB55: 45369 | AC55: 146.09
A56: AZO UN Equity | B56: Consumer Discretionary | C56: 21.5994 | D56: #N/A N/A | E56: #N/A N/A | F56: #N/A N/A | G56: 33.2935 | H56: #N/A N/A | I56: #N/A N/A | J56: #N/A N/A | K56: 29.4326 | L56: #N/A N/A | M56: #N/A N/A | N56: #N/A N/A | O56: #N/A N/A | P56: #N/A N/A | Q56: #N/A N/A | R56: #N/A N/A | S56: 33.8258 | T56: #N/A N/A | U56: #N/A N/A | V56: #N/A N/A | W56: #N/A N/A | X56: #N/A N/A | Y56: 45366 | Z56: 172.62 | AA56: 45370 | AB56: 45370 | AC56: 147.39
A57: BA UN Equity | B57: Industrials | C57: #N/A N/A | D57: #N/A N/A | E57: #N/A N/A | F57: #N/A N/A | G57: #N/A N/A | H57: #N/A N/A | I57: #N/A N/A | J57: #N/A N/A | K57: #N/A N/A | L57: #N/A N/A | M57: #N/A N/A | N57: #N/A N/A | O57: #N/A N/A | P57: #N/A N/A | Q57: #N/A N/A | R57: #N/A N/A | S57: #N/A N/A | T57: #N/A N/A | U57: #N/A N/A | V57: #N/A N/A | W57: #N/A N/A | X57: #N/A N/A | Y57: 45369 | Z57: 173.72 | AA57: 45371 | AB57: 45371 | AC57: 147.28
A58: BAC UN Equity | B58: Financials | C58: 6.7261 | D58: 10.5556 | E58: 11.7271 | F58: 12.377 | G58: 12.377 | H58: 10.7624 | I58: 10.5776 | J58: 10.6149 | K58: 10.6149 | L58: 11.4127 | M58: 11.5947 | N58: 9.7888 | O58: 9.0263 | P58: 8.6994 | Q58: 8.1572 | R58: 9.4912 | S58: 9.4912 | T58: 9.7776 | U58: 10.28 | V58: 10.603 | W58: 10.603 | X58: 10.603 | Y58: 45370 | Z58: 176.08 | AA58: 45372 | AB58: 45372 | AC58: 148.74
A59: BALL UN Equity | B59: Materials | C59: 8.3441 | D59: 27.1833 | E59: 24.522 | F59: 25.4419 | G59: 12.1011 | H59: 21.0586 | I59: 26.7576 | J59: 20.2878 | K59: 11.0206 | L59: 21.8326 | M59: 16.3948 | N59: 19.5574 | O59: 77.0074 | P59: 78.1468 | Q59: 78.9756 | R59: 83.2312 | S59: 9.6909 | T59: 9.1757 | U59: 11.2128 | V59: 16.1659 | W59: 16.1659 | X59: 16.1659 | Y59: 45371 | Z59: 178.67 | AA59: 45373 | AB59: 45373 | AC59: 147.45
A60: BAX UN Equity | B60: Health Care | C60: 24.8938 | D60: 13.4761 | E60: 14.0047 | F60: 14.4546 | G60: 30.4195 | H60: 11.6522 | I60: -33.2192 | J60: -32.6358 | K60: 11.9411 | L60: -39.5481 | M60: 38.017 | N60: 37.3165 | O60: 37.7028 | P60: 37.5265 | Q60: 1.3898 | R60: -8.4082 | S60: 7.8382 | T60: -2.0718 | U60: -4.5127 | V60: -14.6185 | W60: -14.6185 | X60: -14.6185 | Y60: 45372 | Z60: 171.37 | AA60: 45376 | AB60: 45376 | AC60: 145.56
A61: BBY UN Equity | B61: Consumer Discretionary | C61: 13.2252 | D61: 59.0381 | E61: 62.5169 | F61: 63.2233 | G61: 12.0614 | H61: 63.5379 | I61: 49.0383 | J61: 42.6351 | K61: -32.9009 | L61: 47.554 | M61: 45.0498 | N61: 43.9621 | O61: 42.4419 | P61: 42.3149 | Q61: 42.41 | R61: 43.0947 | S61: -7.303 | T61: 30.2139 | U61: 26.7216 | V61: 22.4935 | W61: 37.0409 | X61: 37.0409 | Y61: 45373 | Z61: 172.28 | AA61: 45377 | AB61: 45377 | AC61: 144.41
A62: BDX UN Equity | B62: Health Care | C62: 6.9512 | D62: 7.7421 | E62: 9.4182 | F62: 6.858 | G62: 6.858 | H62: 6.7066 | I62: 7.6621 | J62: 6.1175 | K62: 6.1175 | L62: 6.1407 | M62: 5.8556 | N62: 4.7951 | O62: 5.135 | P62: 5.4552 | Q62: 6.5975 | R62: 6.8347 | S62: 6.8347 | T62: 6.1745 | U62: 6.5445 | V62: 6.9603 | W62: 6.9603 | X62: 6.9603 | Y62: 45376 | Z62: 170.85 | AA62: 45378 | AB62: 45378 | AC62: 147.37
A63: BEN UN Equity | B63: Financials | C63: 8.0288 | D63: 11.643 | E63: 16.7514 | F63: 17.2644 | G63: 7.8037 | H63: 15.1461 | I63: 11.3834 | J63: 8.6506 | K63: 6.0705 | L63: 6.8943 | M63: 7.3668 | N63: 8.0049 | O63: 7.1057 | P63: 6.6604 | Q63: 3.7445 | R63: 3.0216 | S63: 5.8874 | T63: 2.4671 | U63: 4.1617 | V63: 4.9071 | W63: 4.9071 | X63: 4.9071 | Y63: 45377 | Z63: 169.71 | AA63: 45379 | AB63: 45379 | AC63: 145.51
A64: BBWI UN Equity | B64: Consumer Discretionary | C64: 10.453 | D64: #N/A N/A | E64: #N/A N/A | F64: #N/A N/A | G64: 17.0086 | H64: #N/A N/A | I64: #N/A N/A | J64: #N/A N/A | K64: 7.2641 | L64: #N/A N/A | M64: #N/A N/A | N64: #N/A N/A | O64: #N/A N/A | P64: #N/A N/A | Q64: #N/A N/A | R64: #N/A N/A | S64: 3.1483 | T64: #N/A N/A | U64: #N/A N/A | V64: #N/A N/A | W64: #N/A N/A | X64: #N/A N/A | Y64: 45378 | Z64: 173.31
A65: BG UN Equity | B65: Consumer Staples | C65: 21.1469 | D65: 36.5604 | E65: 41.4437 | F65: 33.0635 | G65: 33.0635 | H65: 23.1315 | I65: 19.2908 | J65: 19.8728 | K65: 19.8728 | L65: 20.4071 | M65: 20.7111 | N65: 22.3462 | O65: 18.0923 | P65: 12.6646 | Q65: 11.2921 | R65: 10.9516 | S65: 10.9516 | T65: 13.1961 | U65: 10.215 | V65: 6.3214 | W65: 6.3214 | X65: 6.3214 | Y65: 45379 | Z65: 171.48
A66: BIIB UW Equity | B66: Health Care | C66: 42.5138 | D66: 17.3894 | E66: 14.591 | F66: 14.4107 | G66: 26.2665 | H66: 18.2034 | I66: 24.6899 | J66: 25.0835 | K66: 16.7674 | L66: 20.2328 | M66: 10.7251 | N66: 8.2355 | O66: 8.0429 | P66: 7.6334 | Q66: 10.4738 | R66: 10.3587 | S66: 10.3554 | T66: 9.1316 | U66: 9.3073 | V66: 7.3937 | W66: 7.3937 | X66: 7.3937
A67: BK UN Equity | B67: Financials | C67: 25.9304 | D67: 8.5777 | E67: 8.6399 | F67: 8.9408 | G67: 13.2245 | H67: 8.4203 | I67: 7.2337 | J67: 6.3516 | K67: 25.0091 | L67: 7.6577 | M67: 9.5879 | N67: 8.5008 | O67: 8.6529 | P67: 8.8794 | Q67: 9.1492 | R67: 11.8144 | S67: 9.1912 | T67: 12.7265 | U67: 13.0626 | V67: 13.8806 | W67: 13.8806 | X67: 13.8806
A68: BKNG UW Equity | B68: Consumer Discretionary | C68: 8.5547 | D68: 9.4059 | E68: 7.3054 | F68: 21.046 | G68: 8.7704 | H68: 35.067 | I68: 52.9788 | J68: 68.2589 | K68: 7.0509 | L68: #N/A N/A | M68: #N/A N/A | N68: #N/A N/A | O68: #N/A N/A | P68: #N/A N/A | Q68: #N/A N/A | R68: #N/A N/A | S68: 12.2463 | T68: #N/A N/A | U68: #N/A N/A | V68: #N/A N/A | W68: #N/A N/A | X68: #N/A N/A
A69: BKR UW Equity | B69: Energy | C69: 16.3583 | D69: -0.2943 | E69: 1.0963 | F69: -1.5727 | G69: 11.3823 | H69: -3.2323 | I69: -3.4646 | J69: -4.1199 | K69: 147.7511 | L69: 7.6715 | M69: 11.4717 | N69: 13.0569 | O69: 12.1043 | P69: 12.9711 | Q69: 14.2435 | R69: 18.467 | S69: 18.467 | T69: 18.3223 | U69: 16.8346 | V69: 14.4868 | W69: 14.4868 | X69: 14.4868
A70: BLDR UN Equity | B70: Industrials | C70: -1.387 | D70: 27.9965 | E70: 43.571 | F70: 57.9459 | G70: 2.1289 | H70: 50.5226 | I70: 52.2386 | J70: 56.3104 | K70: -0.6444 | L70: 39.2666 | M70: 32.1128 | N70: 31.7807 | O70: 30.488 | P70: 32.4984 | Q70: 27.4354 | R70: 23.8759 | S70: 18.0434 | T70: 17.8319 | U70: 13.5554 | V70: 10.0644 | W70: 10.0644 | X70: 10.0644
A71: BIO UN Equity | B71: Health Care | C71: 16.4109 | D71: 42.7 | E71: 55.127 | F71: 36.0481 | G71: 43.3296 | H71: -18.8775 | I71: -50.6805 | J71: -31.137 | K71: 49.9019 | L71: -4.9324 | M71: -1.8886 | N71: -6.9439 | O71: -3.4268 | P71: -17.4128 | Q71: -9.7923 | R71: -24.0907 | S71: 19.6204 | T71: 4.5899 | U71: -9.5032 | V71: 10.838 | W71: 10.838 | X71: 10.838
A72: BLK UN Equity | B72: Financials | C72: 48.4882 | D72: 15.965 | E72: 16.4267 | F72: 16.1724 | G72: -0.9365 | H72: 15.9651 | I72: 15.0367 | J72: 13.728 | K72: -1.9174 | L72: 13.7801 | M72: 14.2131 | N72: 14.274 | O72: 15.2847 | P72: 15.4437 | Q72: 15.2221 | R72: 14.668 | S72: -27.5148 | T72: 14.3518 | U72: 12.6085 | V72: 10.7426 | W72: 10.7426 | X72: 10.7426
A73: BMY UN Equity | B73: Health Care | C73: 15.5718 | D73: -11.8251 | E73: -12.3725 | F73: 18.9622 | G73: 16.8467 | H73: 19.067 | I73: 19.1088 | J73: 18.8846 | K73: 13.0291 | L73: 24.6636 | M73: 26.8693 | N73: 26.5329 | O73: -25.4502 | P73: -26.7045 | Q73: -31.4608 | R73: -39.1041 | S73: 14.3708 | T73: 29.312 | U73: 33.8376 | V73: 40.5321 | W73: 40.5321 | X73: 40.5321
A74: BR UN Equity | B74: Industrials | C74: -14.2123 | D74: 34.698 | E74: 34.6561 | F74: 33.9283 | G74: 18.0704 | H74: 28.9201 | I74: 28.5597 | J74: 30.1364 | K74: 23.0616 | L74: 30.3154 | M74: 33.4122 | N74: 35.4834 | O74: 32.77 | P74: 31.6685 | Q74: 31.8114 | R74: 35.3407 | S74: 31.9903 | T74: 34.8102 | U74: 38.2154 | V74: 41.7934 | W74: 41.7934 | X74: 41.7934
A75: BRK/B UN Equity | B75: Financials | C75: 37.0227 | D75: 24.4881 | E75: 19.3737 | F75: 18.9169 | G75: 32.3373 | H75: 2.5652 | I75: -0.2571 | J75: -4.6465 | K75: 29.0322 | L75: 17.3203 | M75: 15.6468 | N75: 18.5993 | O75: 13.6465 | P75: 11.8883 | Q75: 18.5161 | R75: 14.7021 | S75: 33.9176 | T75: 9.9108 | U75: 10.166 | V75: 9.7993 | W75: 9.7993 | X75: 9.7993
A76: BRO UN Equity | B76: Financials | C76: 25.3744 | D76: 14.7662 | E76: 14.5707 | F76: 14.4419 | G76: 17.5006 | H76: 14.618 | I76: 14.6445 | J76: 14.9736 | K76: 1.415 | L76: 15.3871 | M76: 15.4564 | N76: 16.83 | O76: 17.2192 | P76: 17.6781 | Q76: 17.8123 | R76: 16.3683 | S76: 13.1972 | T76: 11.2826 | U76: 10.4828 | V76: 10.977 | W76: 10.977 | X76: 10.977
A77: BSX UN Equity | B77: Health Care | C77: 14.0295 | D77: 3.3335 | E77: 6.8696 | F77: 6.1602 | G77: 14.5785 | H77: 4.983 | I77: 3.4955 | J77: 3.7549 | K77: 14.6987 | L77: 4.8538 | M77: 6.5214 | N77: 8.514 | O77: 9.3393 | P77: 9.4671 | Q77: 9.0516 | R77: 9.0322 | S77: 16.1918 | T77: 11.7133 | U77: 12.6613 | V77: 12.5992 | W77: 12.5992 | X77: 12.5992
A78: BWA UN Equity | B78: Consumer Discretionary | C78: 1.3684 | D78: 13.8721 | E78: 13.4351 | F78: 8.0293 | G78: 4.6404 | H78: 9.4696 | I78: 12.1899 | J78: 13.3079 | K78: 4.8923 | L78: 13.1302 | M78: 11.5602 | N78: 9.5771 | O78: 9.2456 | P78: 10.4515 | Q78: 15.0453 | R78: 5.9507 | S78: 9.649 | T78: 3.4953 | U78: 2.2067 | V78: 5.0483 | W78: 5.0483 | X78: 5.0483
A79: BX UN Equity | B79: Financials | C79: 7.8622 | D79: 65.4093 | E79: 68.3709 | F79: 72.8761 | G79: 10.0171 | H79: 46.8132 | I79: 31.1094 | J79: 20.4655 | K79: 13.2496 | L79: 15.7374 | M79: 24.4174 | N79: 19.2207 | O79: 30.6488 | P79: 28.4009 | Q79: 31.4619 | R79: 36.9484 | S79: 4.9996 | T79: 37.7166 | U79: 35.1669 | V79: 35.7772 | W79: 35.7772 | X79: 35.7772
A80: BXP UN Equity | B80: Real Estate | C80: 58.3535 | D80: 5.2117 | E80: 5.5727 | F80: 8.5324 | G80: 60.8588 | H80: 11.4795 | I80: 15.6188 | J80: 14.1858 | K80: 7.3617 | L80: 11.1106 | M80: 3.2176 | N80: 3.1689 | O80: 3.2261 | P80: 2.8303 | Q80: 6.2881 | R80: 0.2322 | S80: 34.0714 | T80: 0.068 | U80: -3.7472 | V80: 5.2446 | W80: 5.2446 | X80: 5.2446
A81: C UN Equity | B81: Financials | C81: 7.9715 | D81: 11.3705 | E81: 12.1831 | F81: 11.4394 | G81: 9.5905 | H81: 8.5408 | I81: 7.9317 | J81: 7.5039 | K81: 13.1635 | L81: 6.6834 | M81: 6.6563 | N81: 4.2324 | O81: 3.492 | P81: 3.6611 | Q81: 3.489 | R81: 6.0528 | S81: -0.1002 | T81: 6.6663 | U81: 6.9484 | V81: 6.7997 | W81: 6.7997 | X81: 6.7997
A82: CAG UN Equity | B82: Consumer Staples | C82: 8.5469 | D82: 15.8121 | E82: 14.4522 | F82: 12.9084 | G82: 9.5168 | H82: 10.2448 | I82: 6.7439 | J82: 7.8603 | K82: 7.6311 | L82: 7.8016 | M82: 12.431 | N82: 11.1498 | O82: 10.5653 | P82: 4.0426 | Q82: 5.6234 | R82: 5.5334 | S82: 6.3502 | T82: 13.2665 | U82: 9.654 | V82: -1.1603 | W82: #N/A N/A | X82: #N/A N/A
A83: CAH UN Equity | B83: Health Care | C83: 93.064 | D83: 34.1341 | E83: 80.6394 | F83: 37.3863 | G83: 37.3863 | H83: #N/A N/A | I83: #N/A N/A | J83: #N/A N/A | K83: #N/A N/A | L83: #N/A N/A | M83: #N/A N/A | N83: #N/A N/A | O83: #N/A N/A | P83: #N/A N/A | Q83: #N/A N/A | R83: #N/A N/A | S83: #N/A N/A | T83: #N/A N/A | U83: #N/A N/A | V83: #N/A N/A | W83: #N/A N/A | X83: #N/A N/A
A84: CARR UN Equity | B84: Industrials | C84: 76.9128 | D84: 46.2908 | E84: 37.079 | F84: 25.5626 | G84: 25.5626 | H84: 40.8118 | I84: 51.0675 | J84: 48.6609 | K84: 48.6609 | L84: 29.3761 | M84: 15.6364 | N84: 16.4162 | O84: 12.6428 | P84: 31.1267 | Q84: 30.3624 | R84: 49.2486 | S84: 49.2486 | T84: 28.1028 | U84: 27.2721 | V84: 10.6437 | W84: 10.6437 | X84: 10.6437
A85: CAT UN Equity | B85: Industrials | C85: 49.423 | D85: 28.7303 | E85: 32.5742 | F85: 40.7921 | G85: 39.1317 | H85: 41.4988 | I85: 45.7031 | J85: 41.449 | K85: 33.1867 | L85: 49.2315 | M85: 50.5155 | N85: 58.4509 | O85: 62.8591 | P85: 62.248 | Q85: 53.5376 | R85: 55.3649 | S85: 45.2164 | T85: 52.7339 | U85: 46.3013 | V85: 43.5394 | W85: 43.5394 | X85: 43.5394
A86: CB UN Equity | B86: Financials | C86: 22.3334 | D86: 14.2429 | E86: 15.2353 | F86: 14.3326 | G86: 38.623 | H86: 12.7845 | I86: 11.4083 | J86: 9.5634 | K86: 40.3873 | L86: 11.0731 | M86: 14.0763 | N86: 16.4107 | O86: 16.3475 | P86: 17.0586 | Q86: 16.9254 | R86: 15.012 | S86: 55.6713 | T86: 14.1038 | U86: 14.0613 | V86: 14.9661 | W86: 14.9661 | X86: 14.9661
A87: CBOE UF Equity | B87: Financials | C87: 10.0312 | D87: 13.0395 | E87: 13.1287 | F87: 15.166 | G87: 14.1517 | H87: 6.2645 | I87: 7.0566 | J87: 6.5996 | K87: 9.4999 | L87: 18.7171 | M87: 19.9291 | N87: 20.3348 | O87: 20.9764 | P87: 19.9295 | Q87: 19.4133 | R87: 18.4159 | S87: 13.4008 | T87: 20.6359 | U87: 21.515 | V87: 23.2493 | W87: 23.2493 | X87: 23.2493
A88: CBRE UN Equity | B88: Real Estate | C88: 13.3089 | D88: 17.3338 | E88: 20.0934 | F88: 23.536 | G88: 14.3355 | H88: 25.3846 | I88: 25.3893 | J88: 17.1825 | K88: 8.3507 | L88: 10.4231 | M88: 7.554 | N88: 12.2312 | O88: 12.3437 | P88: 11.2258 | Q88: 11.7 | R88: 11.6081 | S88: 18.9259 | T88: 13.1254 | U88: 14.2567 | V88: 13.3842 | W88: 13.3842 | X88: 13.3842
A89: CCI UN Equity | B89: Real Estate | C89: 12.6649 | D89: 12.5881 | E89: 13.8861 | F89: 12.3709 | G89: 25.0016 | H89: 18.6557 | I89: 19.9321 | J89: 21.3153 | K89: 13.8638 | L89: 22.8752 | M89: 21.6197 | N89: 21.6775 | O89: 20.9781 | P89: 18.7116 | Q89: 20.4931 | R89: #N/A N/A | S89: 12.1502 | T89: #N/A N/A | U89: #N/A N/A | V89: #N/A N/A | W89: #N/A N/A | X89: #N/A N/A
A90: CCL UN Equity | B90: Consumer Discretionary | C90: 10.3599 | D90: -47.1381 | E90: -52.9768 | F90: -58.1101 | G90: 17.2062 | H90: -70.2556 | I90: -61.2254 | J90: -63.4357 | K90: 21.9018 | L90: -49.1044 | M90: -21.1748 | N90: -1.0612 | O90: 6.3025 | P90: 14.2598 | Q90: 18.7942 | R90: 22.4757 | S90: 24.5714 | T90: 28.7973 | U90: 25.743 | V90: 25.642 | W90: #N/A N/A | X90: #N/A N/A
A91: CDNS UW Equity | B91: Information Technology | C91: #N/A N/A | D91: 27.8198 | E91: 28.4259 | F91: 27.5758 | G91: #N/A N/A | H91: 28.0662 | I91: 30.1496 | J91: 30.951 | K91: 30.951 | L91: 32.1529 | M91: 32.8971 | N91: 33.8617 | O91: 32.1729 | P91: 29.4415 | Q91: 27.0716 | R91: 26.1328 | S91: 26.1328 | T91: 21.8389 | U91: 21.7358 | V91: 21.8548 | W91: 21.8548 | X91: 21.8548
A92: CDW UW Equity | B92: Information Technology | C92: 69.8591 | D92: 89.1656 | E92: 97.4801 | F92: 26.5952 | G92: 98.7218 | H92: 93.8654 | I92: 96.4031 | J92: 96.5353 | K92: 30.0092 | L92: 79.2601 | M92: 69.8597 | N92: 60.5793 | O92: 58.8143 | P92: 58.5412 | Q92: 53.3599 | R92: 49.0444 | S92: 25.9214 | T92: 46.3885 | U92: 43.0067 | V92: 43.0185 | W92: 43.0185 | X92: 43.0185
A93: CEG UW Equity | B93: Utilities | C93: 82.835 | D93: #N/A N/A | E93: #N/A N/A | F93: #N/A N/A | G93: 97.5284 | H93: #N/A N/A | I93: #N/A N/A | J93: -1.439 | K93: 88.9033 | L93: 6.9554 | M93: 15.0697 | N93: 14.7929 | O93: 21.982 | P93: 21.0837 | Q93: 23.6013 | R93: 31.1237 | S93: 48.7068 | T93: 24.1969 | U93: 20.3492 | V93: 16.754 | W93: 16.754 | X93: 16.754
A94: CF UN Equity | B94: Materials | C94: 10.8953 | D94: 14.9044 | E94: 10.3747 | F94: 29.9282 | G94: 29.9282 | H94: 65.552 | I94: 86.4535 | J94: 81.0464 | K94: -1.5573 | L94: 45.8963 | M94: 41.5265 | N94: 28.3247 | O94: 21.2797 | P94: 18.679 | Q94: 21.3245 | R94: 22.7621 | S94: 24.7071 | T94: 24.9832 | U94: 27.4619 | V94: 29.6244 | W94: 29.6244 | X94: 29.6244
A95: CFG UN Equity | B95: Financials | C95: 13.8961 | D95: 9.2237 | E95: 10.182 | F95: 10.494 | G95: 46.9066 | H95: 7.9674 | I95: 8.6437 | J95: 9.1142 | K95: 63.945 | L95: 9.4372 | M95: 9.3169 | N95: 6.7878 | O95: 5.6938 | P95: 5.3861 | Q95: 5.3382 | R95: 6.1807 | S95: 26.1448 | T95: 6.4862 | U95: 6.7411 | V95: 7.2961 | W95: 7.2961 | X95: 7.2961
A96: CHD UN Equity | B96: Consumer Staples | C96: 7.4434 | D96: 25.2635 | E96: 24.3787 | F96: 26.4648 | G96: 9.9024 | H96: 22.5056 | I96: 20.4599 | J96: 12.3128 | K96: 9.2802 | L96: 11.9699 | M96: 11.2996 | N96: 20.5737 | O96: 20.0839 | P96: 19.5314 | Q96: 13.3379 | R96: 14.2475 | S96: 6.3385 | T96: 12.0747 | U96: 18.594 | V96: 17.6205 | W96: 17.6205 | X96: 17.6205
A97: CHRW UW Equity | B97: Industrials | C97: 25.7688 | D97: 36.0853 | E97: 39.8495 | F97: 43.2739 | G97: 24.5294 | H97: 55.3574 | I97: 59.2239 | J97: 55.7289 | K97: 11.6737 | L97: 31.0533 | M97: 25.3297 | N97: 23.4571 | O97: 21.5653 | P97: 22.9133 | Q97: 22.8175 | R97: 29.6547 | S97: 13.3546 | T97: 32.4331 | U97: 34.3179 | V97: 32.9109 | W97: 32.9109 | X97: 32.9109
A98: CHTR UW Equity | B98: Communication Services | C98: 34.8207 | D98: 15.9637 | E98: 19.5284 | F98: 24.5886 | G98: 47.4956 | H98: 37.651 | I98: 42.2007 | J98: 43.6359 | K98: 45.1592 | L98: 45.4791 | M98: 46.9805 | N98: 45.1076 | O98: 43.6032 | P98: 39.8475 | Q98: 37.1076 | R98: 38.1134 | S98: 32.1095 | T98: 36.1936 | U98: 34.7906 | V98: 31.5224 | W98: 31.5224 | X98: 31.5224
A99: CI UN Equity | B99: Health Care | C99: 14.3526 | D99: 16.968 | E99: 17.5679 | F99: 11.0127 | G99: 30.5533 | H99: 11.6088 | I99: 14.3355 | J99: 14.5243 | K99: 45.3767 | L99: 14.568 | M99: 11.6916 | N99: 11.3376 | O99: 8.4498 | P99: 8.546 | Q99: 6.9237 | R99: 7.8711 | S99: 36.9404 | T99: 12.3072 | U99: 14.6532 | V99: 14.3983 | W99: 14.3983 | X99: 14.3983
A100: CINF UW Equity | B100: Financials | C100: 18.1019 | D100: 27.0506 | E100: 23.3948 | F100: 24.6589 | G100: 11.4627 | H100: 4.8994 | I100: -0.2068 | J100: -4.0478 | K100: 14.9025 | L100: 12.5469 | M100: 16.6841 | N100: 16.2665 | O100: 20.2864 | P100: 18.0703 | Q100: 25.1351 | R100: 17.6084 | S100: 12.3675 | T100: 13.4426 | U100: 14.5293 | V100: 16.0356 | W100: 16.0356 | X100: 16.0356
...

Sheet EPS
A1: Ticker | B1: Sector | C1: 44286 | D1: 44377 | E1: 44469 | F1: 44561 | G1: 44651 | H1: 44742 | I1: 44834 | J1: 44926 | K1: 45016 | L1: 45107 | M1: 45199 | N1: 45291 | O1: 45382 | P1: 45473 | Q1: 45565 | R1: 45657 | S1: 45747 | T1: 45838 | U1: 45930 | V1: 46022 | W1: 46112 | X1: Latest ROE
A2: 2499073D UN Equity | B2: Industrials | C2: 6.2718 | D2: 7.3108 | E2: 7.0933 | F2: 13.3949 | G2: #N/A N/A | H2: #N/A N/A | I2: #N/A N/A | J2: #N/A N/A | K2: #N/A N/A | L2: #N/A N/A | M2: #N/A N/A | N2: #N/A N/A | O2: #N/A N/A | P2: #N/A N/A | Q2: #N/A N/A | R2: #N/A N/A | S2: #N/A N/A | T2: #N/A N/A | U2: #N/A N/A | V2: #N/A N/A | W2: #N/A N/A | X2: #N/A N/A
A3: 9903115D UN Equity | B3: Financials | C3: #N/A N/A | D3: #N/A N/A | E3: #N/A N/A | F3: #N/A N/A | G3: #N/A N/A | H3: #N/A N/A | I3: #N/A N/A | J3: #N/A N/A | K3: #N/A N/A | L3: #N/A N/A | M3: #N/A N/A | N3: #N/A N/A | O3: #N/A N/A | P3: #N/A N/A | Q3: #N/A N/A | R3: #N/A N/A | S3: #N/A N/A | T3: #N/A N/A | U3: #N/A N/A | V3: #N/A N/A | W3: #N/A N/A | X3: #N/A N/A | AC3: 22.2422 | AD3: 16.7841
A4: A UN Equity | B4: Health Care | C4: 16.7841 | D4: 19.3151 | E4: 19.9456 | F4: 23.5821 | G4: 24.2016 | H4: 25.4329 | I4: 26.4621 | J4: 23.4524 | K4: 24.5842 | L4: 24.7822 | M4: 21.279 | N4: 22.2422 | O4: 20.9545 | P4: 20.7086 | Q4: 24.6575 | R4: 21.9535 | S4: 20.614 | T4: 18.8826 | U4: 19.881 | V4: 20.6187 | W4: 19.9459 | X4: 19.9459 | AD4: 16.7841
A5: 9980328D UN Equity | B5: Health Care | C5: #N/A N/A | D5: #N/A N/A | E5: #N/A N/A | F5: #N/A N/A | G5: 82.6726 | H5: #N/A N/A | I5: #N/A N/A | J5: #N/A N/A | K5: 51.0539 | L5: #N/A N/A | M5: #N/A N/A | N5: #N/A N/A | O5: #N/A N/A | P5: #N/A N/A | Q5: #N/A N/A | R5: #N/A N/A | S5: 88.5754 | T5: #N/A N/A | U5: #N/A N/A | V5: #N/A N/A | W5: #N/A N/A | X5: #N/A N/A | AA5: 24.6575 | AB5: 45295 | AC5: 131
A6: AAPL UW Equity | B6: Information Technology | C6: 103.4003 | D6: 127.1247 | E6: 147.4433 | F6: 145.5673 | G6: 20.309 | H6: 162.8163 | I6: 175.4593 | J6: 147.943 | K6: 40.4676 | L6: 145.6054 | M6: 171.9495 | N6: 154.2694 | O6: 147.2498 | P6: 160.5834 | Q6: 157.4125 | R6: 136.5205 | S6: 32.0596 | T6: 149.8136 | U6: 171.4224 | V6: 152.0213 | W6: #N/A N/A | X6: #N/A N/A | Y6: 45294 | Z6: 184.25 | AA6: 21.9535 | AB6: 45296 | AC6: 130.56
A7: 9983490D UN Equity | B7: Information Technology | C7: 17.9492 | D7: #N/A N/A | E7: #N/A N/A | F7: #N/A N/A | G7: 22.404 | H7: #N/A N/A | I7: #N/A N/A | J7: #N/A N/A | K7: 16.0312 | L7: #N/A N/A | M7: #N/A N/A | N7: #N/A N/A | O7: #N/A N/A | P7: #N/A N/A | Q7: #N/A N/A | R7: #N/A N/A | S7: 30.8191 | T7: #N/A N/A | U7: #N/A N/A | V7: #N/A N/A | W7: #N/A N/A | X7: #N/A N/A | Y7: 45295 | Z7: 181.91 | AA7: 45299 | AB7: 45299 | AC7: 133.38
A8: ABBV UN Equity | B8: Health Care | C8: #N/A N/A | D8: 48.3484 | E8: 51.7765 | F8: 80.4592 | G8: 80.4592 | H8: 92.3738 | I8: 90.3466 | J8: 72.1634 | K8: 72.1634 | L8: 62.7494 | M8: 46.0695 | N8: 34.9026 | O8: 55.9184 | P8: 53.93 | Q8: 56.1735 | R8: 62.0826 | S8: 62.0826 | T8: #N/A N/A | U8: #N/A N/A | V8: #N/A N/A | W8: #N/A N/A | X8: #N/A N/A | Y8: 45296 | Z8: 181.18 | AA8: 45300 | AB8: 45300 | AC8: 130.68
A9: 9990213D UN Equity | B9: Industrials | C9: 14.1371 | D9: 10.2853 | E9: 8.6061 | F9: 5.8181 | G9: 15.1737 | H9: 7.1453 | I9: #N/A N/A | J9: #N/A N/A | K9: 15.4919 | L9: #N/A N/A | M9: #N/A N/A | N9: #N/A N/A | O9: #N/A N/A | P9: #N/A N/A | Q9: #N/A N/A | R9: #N/A N/A | S9: 18.9899 | T9: #N/A N/A | U9: #N/A N/A | V9: #N/A N/A | W9: #N/A N/A | X9: #N/A N/A | Y9: 45299 | Z9: 185.56 | AA9: 45301 | AB9: 45301 | AC9: 131.09
A10: 9991429D UN Equity | B10: Consumer Discretionary | C10: #N/A N/A | D10: #N/A N/A | E10: #N/A N/A | F10: #N/A N/A | G10: #N/A N/A | H10: #N/A N/A | I10: #N/A N/A | J10: 16.8653 | K10: #N/A N/A | L10: #N/A N/A | M10: #N/A N/A | N10: 1.1618 | O10: #N/A N/A | P10: #N/A N/A | Q10: #N/A N/A | R10: -14.3199 | S10: #N/A N/A | T10: #N/A N/A | U10: #N/A N/A | V10: #N/A N/A | W10: #N/A N/A | X10: #N/A N/A | Y10: 45300 | Z10: 185.14 | AA10: 45302 | AB10: 45302 | AC10: 129.68
A11: ABNB UW Equity | B11: Consumer Discretionary | C11: #N/A N/A | D11: #N/A N/A | E11: #N/A N/A | F11: -9.1584 | G11: -9.1584 | H11: 28.9166 | I11: 32.6224 | J11: 36.6393 | K11: 36.6393 | L11: 44.6483 | M11: 74.4725 | N11: 69.8288 | O11: 74.9071 | P11: 74.175 | Q11: 20.8733 | R11: 31.9479 | S11: 31.9479 | T11: 33.2615 | U11: 30.7755 | V11: 30.233 | W11: 30.233 | X11: 30.233 | Y11: 45301 | Z11: 186.19 | AA11: 45303 | AB11: 45303 | AC11: 130.54
A12: ABT UN Equity | B12: Health Care | C12: 14.075 | D12: 19.808 | E12: 22.0156 | F12: 20.6194 | G12: 20.6194 | H12: 24.3392 | I12: 22.5088 | J12: 19.1287 | K12: 19.1287 | L12: 14.0123 | M12: 14.1123 | N12: 15.2028 | O12: 14.851 | P12: 14.5296 | Q12: 14.9255 | R12: 31.071 | S12: 31.071 | T12: 31.1049 | U12: 30.8033 | V12: 13.0749 | W12: 13.0749 | X12: 13.0749 | Y12: 45302 | Z12: 185.59 | AA12: 45307 | AB12: 45307 | AC12: 130.53
A13: AAL UW Equity | B13: Industrials | C13: #N/A N/A | D13: #N/A N/A | E13: #N/A N/A | F13: #N/A N/A | G13: #N/A N/A | H13: #N/A N/A | I13: #N/A N/A | J13: #N/A N/A | K13: #N/A N/A | L13: #N/A N/A | M13: #N/A N/A | N13: #N/A N/A | O13: #N/A N/A | P13: #N/A N/A | Q13: #N/A N/A | R13: #N/A N/A | S13: #N/A N/A | T13: #N/A N/A | U13: #N/A N/A | V13: #N/A N/A | W13: #N/A N/A | X13: #N/A N/A | Y13: 45303 | Z13: 185.92 | AA13: 45308 | AB13: 45308 | AC13: 128.12
A14: ACGL UW Equity | B14: Financials | C14: 10.4038 | D14: 17.0027 | E14: 16.25 | F14: 16.3578 | G14: 13.7962 | H14: 13.0239 | I14: 10.205 | J14: 11.5879 | K14: 18.3442 | L14: 17.501 | M14: 23.0826 | N14: 29.7469 | O14: 30.3487 | P14: 32.1346 | Q14: 31.6347 | R14: 22.7761 | S14: 6.0259 | T14: 17.5712 | U14: 18.2979 | V14: 20.1033 | W14: 20.1033 | X14: 20.1033 | Y14: 45307 | Z14: 183.63 | AA14: 45309 | AB14: 45309 | AC14: 130.46
A15: AAP UN Equity | B15: Consumer Discretionary | C15: 44.2792 | D15: 18.0537 | E15: 17.7601 | F15: 18.5779 | G15: 58.0046 | H15: 17.7803 | I15: 17.5736 | J15: 16.2955 | K15: 82.686 | L15: 14.119 | M15: 11.8045 | N15: 5.5107 | O15: #N/A N/A | P15: 0.8234 | Q15: -0.4565 | R15: 1.6731 | S15: 76.2889 | T15: -14.7754 | U15: -15.8751 | V15: -15.723 | W15: 2.0147 | X15: 2.0147 | Y15: 45308 | Z15: 182.68 | AA15: 45310 | AB15: 45310 | AC15: 131.22
A16: ACN UN Equity | B16: Information Technology | C16: 32.3081 | D16: 32.6861 | E16: 32.3395 | F16: 32.3973 | G16: 32.8889 | H16: 32.5459 | I16: 33.0351 | J16: 32.5477 | K16: 31.3149 | L16: 30.6656 | M16: 28.7519 | N16: 27.7134 | O16: 27.6356 | P16: 26.2014 | Q16: 26.9158 | R16: 27.1008 | S16: 27.2613 | T16: 27.2689 | U16: 25.8168 | V16: 25.3458 | W16: #N/A N/A | X16: #N/A N/A | Y16: 45309 | Z16: 188.63 | AA16: 45313 | AB16: 45313 | AC16: 132.55
A17: ADBE UW Equity | B17: Information Technology | C17: 11.1182 | D17: 45.1381 | E17: 44.6971 | F17: 34.368 | G17: 35.3355 | H17: 35.1259 | I17: 33.4387 | J17: 32.9728 | K17: 10.6403 | L17: 33.6814 | M17: 33.9713 | N17: 35.5131 | O17: 32.367 | P17: 34.2239 | Q17: 35.355 | R17: 36.3126 | S17: 10.2274 | T17: 52.2536 | U17: 52.8748 | V17: 55.426 | W17: 58.7736 | X17: 58.7736 | Y17: 45310 | Z17: 191.56 | AA17: 45314 | AB17: 45314 | AC17: 131.64
A18: ADI UW Equity | B18: Information Technology | C18: 11.1733 | D18: 13.1376 | E18: 14.1527 | F18: 5.5627 | G18: 11.7118 | H18: 6.6671 | I18: 7.7216 | J18: 7.3829 | K18: 8.352 | L18: 9.9144 | M18: 10.3453 | N18: 9.2033 | O18: 7.8131 | P18: 6.0072 | Q18: 4.6576 | R18: 4.6232 | S18: 10.3874 | T18: 5.2132 | U18: 5.6518 | V18: 6.5728 | W18: 7.8622 | X18: 7.8622 | Y18: 45313 | Z18: 193.89 | AA18: 45315 | AB18: 45315 | AC18: 129.78
A19: ADM UN Equity | B19: Consumer Staples | C19: -10.0964 | D19: 11.3174 | E19: 12.6614 | F19: 12.7551 | G19: -6.4317 | H19: 15.652 | I19: 17.8523 | J19: 18.5625 | K19: -27.3458 | L19: 16.8126 | M19: 15.9959 | N19: 14.3878 | O19: 12.6542 | P19: 11.0476 | Q19: 7.6183 | R19: 7.7754 | S19: 43.7186 | T19: 4.9307 | U19: 5.3479 | V19: 4.8017 | W19: 4.8017 | X19: 4.8017 | Y19: 45314 | Z19: 195.18 | AA19: 45316 | AB19: 45316 | AC19: 129.88
A20: ABMD UW Equity | B20: Health Care | C20: 18.8189 | D20: 12.8176 | E20: 11.6209 | F20: 9.8751 | G20: 13.2371 | H20: 15.3028 | I20: 18.2443 | J20: #N/A N/A | K20: 18.4908 | L20: #N/A N/A | M20: #N/A N/A | N20: #N/A N/A | O20: #N/A N/A | P20: #N/A N/A | Q20: #N/A N/A | R20: #N/A N/A | S20: 14.408 | T20: #N/A N/A | U20: #N/A N/A | V20: #N/A N/A | W20: #N/A N/A | X20: #N/A N/A | Y20: 45315 | Z20: 194.5 | AA20: 45317 | AB20: 45317 | AC20: 130.99
A21: ADP UW Equity | B21: Industrials | C21: -6.3126 | D21: 45.4987 | E21: 48.3333 | F21: 50.1169 | G21: 16.3473 | H21: 66.2994 | I21: 76.3775 | J21: 78.2947 | K21: 12.8313 | L21: 101.3275 | M21: 115.4613 | N21: 97.3844 | O21: 88.9225 | P21: 93.1399 | Q21: 87.2628 | R21: 83.7162 | S21: -4.559 | T21: 76.0013 | U21: 70.5709 | V21: 73.8395 | W21: 73.8395 | X21: 73.8395 | Y21: 45316 | Z21: 194.17 | AA21: 45320 | AB21: 45320 | AC21: 132.83
A22: ADSK UW Equity | B22: Information Technology | C22: 7.914 | D22: #N/A N/A | E22: 188.5313 | F22: 195.6567 | G22: 54.8551 | H22: 53.9074 | I22: 53.9801 | J22: 56.6449 | K22: 5.1224 | L22: 106.2104 | M22: 89.8253 | N22: 76.8007 | O22: 60.4 | P22: 65.206 | Q22: 57.4457 | R22: 53.2455 | S22: 13.2044 | T22: 42.3608 | U22: 40.2004 | V22: 40.334 | W22: 39.6753 | X22: 39.6753 | Y22: 45317 | Z22: 192.42 | AA22: 45321 | AB22: 45321 | AC22: 134.28
A23: AEE UN Equity | B23: Utilities | C23: 14.5333 | D23: #N/A N/A | E23: #N/A N/A | F23: #N/A N/A | G23: 12.2566 | H23: 10.4924 | I23: 10.4194 | J23: 10.6295 | K23: 12.357 | L23: 10.8471 | M23: 10.8925 | N23: 10.5412 | O23: 10.4218 | P23: 10.5235 | Q23: 9.9056 | R23: 10.0754 | S23: 9.2722 | T23: 10.288 | U23: 11.4655 | V23: 11.4129 | W23: 11.4129 | X23: 11.4129 | Y23: 45320 | Z23: 191.73 | AA23: 45322 | AB23: 45322 | AC23: 130.1
A24: AEP UW Equity | B24: Utilities | C24: 14.7519 | D24: 11.2586 | E24: 11.1461 | F24: 11.5531 | G24: 14.5983 | H24: 11.299 | I24: 10.5424 | J24: 9.9414 | K24: 11.0743 | L24: 8.2611 | M24: 9.0726 | N24: 6.2594 | O24: 8.6478 | P24: 7.8388 | Q24: 7.5739 | R24: 11.3518 | S24: 9.8211 | T24: 12.77 | U24: 12.8195 | V24: #N/A N/A | W24: #N/A N/A | X24: #N/A N/A | Y24: 45321 | Z24: 188.04 | AA24: 45323 | AB24: 45323 | AC24: 133.05
A25: AES UN Equity | B25: Utilities | C25: 7.569 | D25: -5.7643 | E25: 24.3529 | F25: -17.7556 | G25: 4.8627 | H25: -16.1224 | I25: -10.978 | J25: -30.5711 | K25: 48.872 | L25: -19.4175 | M25: -24.8227 | N25: 15.3278 | O25: 23.9602 | P25: 35.8693 | Q25: 42.9746 | R25: 67.1704 | S25: -15.2985 | T25: 31.1146 | U25: 31.7261 | V25: 23.3554 | W25: 23.3554 | X25: 23.3554 | Y25: 45322 | Z25: 184.4 | AA25: 45324 | AB25: 45324 | AC25: 132.97
A26: AFL UN Equity | B26: Financials | C26: 14.6683 | D26: 18.3833 | E26: 12.8334 | F26: 12.9468 | G26: 19.9971 | H26: 14.5305 | I26: 18.2344 | J26: 16.549 | K26: 8.8171 | L26: 20.4972 | M26: 19.5938 | N26: 22.1199 | O26: 24.6993 | P26: 23.5383 | Q26: 16.0382 | R26: 22.64 | S26: 10.8435 | T26: 9.1536 | U26: 15.5798 | V26: 13.1179 | W26: 13.1179 | X26: 13.1179 | Y26: 45323 | Z26: 186.86 | AA26: 45327 | AB26: 45327 | AC26: 132.82
A27: AIG UN Equity | B27: Financials | C27: 15.1762 | D27: 6.5679 | E27: 8.6895 | F27: 14.2539 | G27: 15.4385 | H27: 22.8078 | I27: 26.3547 | J27: 19.7874 | K27: -13.002 | L27: 11.0463 | M27: 10.3258 | N27: 8.4715 | O27: 11.1666 | P27: -1.5671 | Q27: -5.2956 | R27: -3.283 | S27: 21.4625 | T27: 7.4442 | U27: 7.5682 | V27: 7.4459 | W27: 7.4459 | X27: 7.4459 | Y27: 45324 | Z27: 185.85 | AA27: 45328 | AB27: 45328 | AC27: 135.86
A28: AIZ UN Equity | B28: Financials | C28: 63.0172 | D28: 8.0044 | E28: 24.2476 | F28: #N/A N/A | G28: 63.6902 | H28: 23.2868 | I28: 6.7477 | J28: 5.7073 | K28: 54.7861 | L28: 7.7199 | M28: 12.2964 | N28: 14.2174 | O28: 16.4291 | P28: 16.8108 | Q28: 15.2146 | R28: 15.3325 | S28: 42.0515 | T28: 13.6535 | U28: 15.4134 | V28: 15.8986 | W28: 15.8986 | X28: 15.8986 | Y28: 45327 | Z28: 187.68 | AA28: 45329 | AB28: 45329 | AC28: 132.79
A29: AJG UN Equity | B29: Financials | C29: 14.4388 | D29: 12.9133 | E29: 13.2414 | F29: 12.3419 | G29: 12.3419 | H29: 12.3518 | I29: 12.8057 | J29: 12.6241 | K29: 12.6241 | L29: 11.5838 | M29: 11.9471 | N29: 9.7345 | O29: 10.3359 | P29: 10.3814 | Q29: 10.3517 | R29: 9.4585 | S29: 9.4585 | T29: 9.4873 | U29: 9.0489 | V29: 6.8725 | W29: 6.8725 | X29: 6.8725 | Y29: 45328 | Z29: 189.3 | AA29: 45330 | AB29: 45330 | AC29: 134.07
A30: AKAM UW Equity | B30: Information Technology | C30: 18.39 | D30: 13.9408 | E30: 13.9119 | F30: 14.8416 | G30: 20.7551 | H30: 13.5287 | I30: 12.1861 | J30: 11.3691 | K30: 22.2932 | L30: 11.1645 | M30: 12.0417 | N30: 12.2275 | O30: 14.2177 | P30: 13.9059 | Q30: 11.5411 | R30: 10.6573 | S30: 20.7056 | T30: 9.2083 | U30: 10.6416 | V30: 9.173 | W30: 9.173 | X30: 9.173 | Y30: 45329 | Z30: 189.41 | AA30: 45331 | AB30: 45331 | AC30: 133.34
A31: ALB UN Equity | B31: Materials | C31: 9.1644 | D31: 13.802 | E31: 4.3208 | F31: 2.5001 | G31: 2.5001 | H31: 4.3026 | I31: 25.0033 | J31: 39.5332 | K31: 39.5332 | L31: 49.2847 | M31: 39.9701 | N31: 18.0913 | O31: 3.5198 | P31: -5.915 | Q31: -22.0578 | R31: -15.4166 | S31: -15.4166 | T31: -13.0012 | U31: -2.3935 | V31: -9.0954 | W31: -9.0954 | X31: -9.0954 | Y31: 45330 | Z31: 188.32 | AA31: 45334 | AB31: 45334 | AC31: 132.31
A32: ALGN UW Equity | B32: Health Care | C32: -35.5007 | D32: 22.4241 | E32: 22.5961 | F32: 22.5191 | G32: 14.312 | H32: 17.7283 | I32: 14.1654 | J32: 10.0102 | K32: 1.6107 | L32: 8.6796 | M32: 9.6796 | N32: 12.3081 | O32: 12.7704 | P32: 12.0882 | Q32: 11.4009 | R32: 11.2626 | S32: 8.8982 | T32: 11.4099 | U32: 9.5775 | V32: 10.3871 | W32: 10.3871 | X32: 10.3871 | Y32: 45331 | Z32: 188.85 | AA32: 45335 | AB32: 45335 | AC32: 129.76
A33: ALL UN Equity | B33: Financials | C33: 14.1709 | D33: 14.7033 | E33: 12.4872 | F33: 5.7843 | G33: 15.9858 | H33: 3.8546 | I33: -1.5365 | J33: -7.2662 | K33: 16.241 | L33: -17.3147 | M33: -14.7494 | N33: -2.0267 | O33: 7.605 | P33: 19.3869 | Q33: 26.2098 | R33: 25.9171 | S33: 14.9638 | T33: 29.6271 | U33: 37.3109 | V33: 42.3966 | W33: 42.3966 | X33: 42.3966 | Y33: 45334 | Z33: 187.15 | AA33: 45336 | AB33: 45336 | AC33: 132.24
A34: ALLE UN Equity | B34: Industrials | C34: 75.2962 | D34: 63.8933 | E34: 54.9008 | F34: 60.7995 | G34: 111.6683 | H34: 59.4913 | I34: 52.6004 | J34: 53.8538 | K34: 252.7778 | L34: 53.8136 | M34: 55.0657 | N34: 47.8209 | O34: 45.1977 | P34: 43.2232 | Q34: 40.812 | R34: 42.3909 | S34: 105.6728 | T34: 38.9937 | U34: 36.4112 | V34: 36.0844 | W34: 36.0844 | X34: 36.0844 | Y34: 45335 | Z34: 185.04 | AA34: 45337 | AB34: 45337 | AC34: 134.75
A35: AMAT UW Equity | B35: Information Technology | C35: -1.066 | D35: 42.1754 | E35: 49.073 | F35: 51.5926 | G35: 58.6758 | H35: 57.3222 | I35: 55.085 | J35: 53.3939 | K35: 56.4999 | L35: 50.4823 | M35: 47.4395 | N35: 48.0398 | O35: 46.4067 | P35: 45.193 | Q35: 43.9101 | R35: 40.6054 | S35: 58.1077 | T35: 36.3724 | U35: 35.6353 | V35: 35.5084 | W35: 38.8627 | X35: 38.8627 | Y35: 45336 | Z35: 184.15 | AA35: 45338 | AB35: 45338 | AC35: 134.84
A36: AMCR UN Equity | B36: Materials | C36: 51.0947 | D36: 20.0002 | E36: 20.1992 | F36: 20.51 | G36: 56.9822 | H36: 18.2003 | I36: 19.4911 | J36: 24.2541 | K36: 25.8115 | L36: 25.8757 | M36: 24.7953 | N36: 15.4864 | O36: 15.9668 | P36: 18.4647 | Q36: 19.6751 | R36: 20.5989 | S36: 48.1708 | T36: 6.5475 | U36: 7.4439 | V36: 7.7302 | W36: 7.7302 | X36: 7.7302 | Y36: 45337 | Z36: 183.86 | AA36: 45342 | AB36: 45342 | AC36: 134.14
A37: AMD UW Equity | B37: Information Technology | C37: 31.9149 | D37: 66.2681 | E37: 72.144 | F37: 47.4276 | G37: 18.0456 | H37: 10.0588 | I37: 7.3705 | J37: 4.2412 | K37: 2.9765 | L37: 0.718 | M37: 0.3799 | N37: 1.5437 | O37: 2.0128 | P37: 2.4249 | Q37: 3.262 | R37: 2.8926 | S37: 25.2404 | T37: 4.8777 | U37: 5.6141 | V37: 7.191 | W37: #N/A N/A | X37: #N/A N/A | Y37: 45338 | Z37: 182.31 | AA37: 45343 | AB37: 45343 | AC37: 135.33
A38: ALK UN Equity | B38: Industrials | C38: 21.4754 | D38: -17.0355 | E38: 0.3722 | F38: 14.0816 | G38: 24.5314 | H38: 5.8402 | I38: 1.468 | J38: 1.5229 | K38: 31.9891 | L38: 4.129 | M38: 6.5412 | N38: 5.9276 | O38: 6.3919 | P38: 5.5032 | Q38: 7.5128 | R38: 9.3105 | S38: 33.681 | T38: 7.6641 | U38: 3.5261 | V38: 2.3557 | W38: 2.3557 | X38: 2.3557 | Y38: 45342 | Z38: 181.56 | AA38: 45344 | AB38: 45344 | AC38: 132.02
A39: AME UN Equity | B39: Industrials | C39: 12.4311 | D39: 14.8189 | E39: 15.1583 | F39: 15.444 | G39: 10.6942 | H39: 16.4587 | I39: 16.5676 | J39: 16.1627 | K39: 12.1001 | L39: 16.4279 | M39: 16.5091 | N39: 16.2055 | O39: 15.7655 | P39: 15.3672 | Q39: 14.8857 | R39: 14.9697 | S39: 10.2299 | T39: 14.6389 | U39: 14.6316 | V39: 14.5941 | W39: 14.5941 | X39: 14.5941 | Y39: 45343 | Z39: 182.32 | AA39: 45345 | AB39: 45345 | AC39: 132.03
A40: AMGN UW Equity | B40: Health Care | C40: 56.8313 | D40: 60.7849 | E40: 58.5002 | F40: 73.1641 | G40: 50.2115 | H40: 123.3077 | I40: 115.1643 | J40: 126.4743 | K40: 126.4743 | L40: 173.4565 | M40: 133.8049 | N40: 135.793 | O40: 72.5747 | P40: 49.2681 | Q40: 55.7202 | R40: 67.5531 | S40: 67.5531 | T40: 99.1388 | U40: 81.71 | V40: 106.1025 | W40: 106.1025 | X40: 106.1025 | Y40: 45344 | Z40: 184.37 | AA40: 45348 | AB40: 45348 | AC40: 131.49
A41: AMP UN Equity | B41: Financials | C41: 22.5608 | D41: 17.4791 | E41: 37.982 | F41: 47.7839 | G41: 27.8411 | H41: 62.2022 | I41: 69.9911 | J41: 61.7622 | K41: 13.4923 | L41: 68.2729 | M41: 75.4872 | N41: 59.9156 | O41: 69.3561 | P41: 67.6292 | Q41: 56.7505 | R41: 68.3137 | S41: 27.9697 | T41: 58.2393 | U41: 59.5892 | V41: 60.5078 | W41: 60.5078 | X41: 60.5078 | Y41: 45345 | Z41: 182.52 | AA41: 45349 | AB41: 45349 | AC41: 132.55
A42: AMT UN Equity | B42: Real Estate | C42: 36.9574 | D42: 47.3796 | E42: 54.2366 | F42: 55.9735 | G42: 55.9735 | H42: 43.8342 | I42: 49.6536 | J42: 33.1494 | K42: 33.1494 | L42: 15.957 | M42: 13.2149 | N42: 30.3625 | O42: 43.6812 | P42: 55.1849 | Q42: 27.1633 | R42: 59.4955 | S42: 25.3388 | T42: 34.1613 | U42: 77.3833 | V42: 71.9149 | W42: 71.9149 | X42: 71.9149 | Y42: 45348 | Z42: 181.16 | AA42: 45350 | AB42: 45350 | AC42: 137.01
A43: AMZN UW Equity | B43: Consumer Discretionary | C43: 15.6726 | D43: 31.2288 | E43: 25.8317 | F43: 28.8056 | G43: 16.7526 | H43: 9.4287 | I43: 8.7757 | J43: -1.915 | K43: 15.544 | L43: 8.7146 | M43: 12.5313 | N43: 17.4898 | O43: 20.3046 | P43: 21.9327 | Q43: 22.5584 | R43: 24.2897 | S43: 10.3543 | T43: 24.7704 | U43: 24.327 | V43: 22.2858 | W43: 22.2858 | X43: 22.2858 | Y43: 45349 | Z43: 182.63 | AA43: 45351 | AB43: 45351 | AC43: 137.36
A44: ALXN UW Equity | B44: Health Care | C44: 26.2197 | D44: #N/A N/A | E44: #N/A N/A | F44: #N/A N/A | G44: 28.3837 | H44: #N/A N/A | I44: #N/A N/A | J44: #N/A N/A | K44: 27.8982 | L44: #N/A N/A | M44: #N/A N/A | N44: #N/A N/A | O44: #N/A N/A | P44: #N/A N/A | Q44: #N/A N/A | R44: #N/A N/A | S44: 27.5324 | T44: #N/A N/A | U44: #N/A N/A | V44: #N/A N/A | W44: #N/A N/A | X44: #N/A N/A | Y44: 45350 | Z44: 181.42 | AA44: 45352 | AB44: 45352 | AC44: 139.06
A45: ANET UN Equity | B45: Information Technology | C45: 252.2251 | D45: 21.638 | E45: 22.5788 | F45: 23.0406 | G45: 10.9314 | H45: 26.8693 | I45: 28.2324 | J45: 30.514 | K45: -6.4614 | L45: 34.6625 | M45: 34.9061 | N45: 34.4873 | O45: 34.6972 | P45: 34.4627 | Q45: 33.8343 | R45: 33.1367 | S45: 23.3257 | T45: 33.6382 | U45: 31.7364 | V45: 31.4004 | W45: 31.4004 | X45: 31.4004 | Y45: 45351 | Z45: 180.75 | AA45: 45355 | AB45: 45355 | AC45: 142.86
A46: ANSS UW Equity | B46: Information Technology | C46: 11.4918 | D46: 11.8979 | E46: 11.782 | F46: 10.595 | G46: 10.595 | H46: 10.5321 | I46: 10.5581 | J46: 11.2025 | K46: -4.2 | L46: 11.1895 | M46: 10.1272 | N46: 9.7582 | O46: 8.5278 | P46: 9.4292 | Q46: 10.4797 | R46: 10.0323 | S46: 287.4636 | T46: #N/A N/A | U46: #N/A N/A | V46: #N/A N/A | W46: #N/A N/A | X46: #N/A N/A | Y46: 45352 | Z46: 179.66 | AA46: 45356 | AB46: 45356 | AC46: 144.35
A47: AON UN Equity | B47: Financials | C47: 7.2961 | D47: 51.8914 | E47: 31.8901 | F47: 55.0922 | G47: 3.8973 | H47: 57.7925 | I47: #N/A N/A | J47: #N/A N/A | K47: 6.9509 | L47: 714.2857 | M47: #N/A N/A | N47: #N/A N/A | O47: #N/A N/A | P47: 86.0422 | Q47: #N/A N/A | R47: #N/A N/A | S47: 15.5172 | T47: 37.9917 | U47: 38.3276 | V47: 47.7606 | W47: 47.7606 | X47: 47.7606 | Y47: 45355 | Z47: 175.1 | AA47: 45357 | AB47: 45357 | AC47: 146.22
A48: AOS UN Equity | B48: Industrials | C48: 6.7042 | D48: 25.4029 | E48: 25.6614 | F48: 26.4692 | G48: 2.6936 | H48: 28.6633 | I48: 27.1877 | J48: 13.168 | K48: 4.12 | L48: 14.8659 | M48: 16.4839 | N48: 30.9902 | O48: 31.4434 | P48: 30.3421 | Q48: 29.5438 | R48: 28.6274 | S48: 0.7307 | T48: 27.6035 | U48: 28.2091 | V48: 29.1968 | W48: 29.1968 | X48: 29.1968 | Y48: 45356 | Z48: 170.12 | AA48: 45358 | AB48: 45358 | AC48: 149.31
A49: APA UW Equity | B49: Energy | C49: 28.9474 | D49: #N/A N/A | E49: #N/A N/A | F49: #N/A N/A | G49: 29.815 | H49: #N/A N/A | I49: #N/A N/A | J49: #N/A N/A | K49: 12.3072 | L49: 230.1624 | M49: 181.764 | N49: 185.5101 | O49: 179.941 | P49: 94.7489 | Q49: 71.8023 | R49: 20.2647 | S49: 16.053 | T49: 19.0855 | U49: 27.2407 | V49: 25.2176 | W49: 25.2176 | X49: 25.2176 | Y49: 45357 | Z49: 169.12 | AA49: 45359 | AB49: 45359 | AC49: 147.87
A50: APD UN Equity | B50: Materials | C50: 9.8745 | D50: 15.9687 | E50: 16.3867 | F50: 16.4286 | G50: 8.6309 | H50: 17.087 | I50: 16.9099 | J50: 16.3389 | K50: 8.6442 | L50: 15.7707 | M50: 16.755 | N50: 16.2263 | O50: 17.0504 | P50: 17.5852 | Q50: 24.4228 | R50: 24.3071 | S50: 9.1814 | T50: 10.1212 | U50: -2.4609 | V50: -2.0789 | W50: -2.0789 | X50: -2.0789 | Y50: 45358 | Z50: 169 | AA50: 45362 | AB50: 45362 | AC50: 147.29
A51: APH UN Equity | B51: Information Technology | C51: 7.4316 | D51: 26.8411 | E51: 26.9959 | F51: 27.2254 | G51: 10.3869 | H51: 29.388 | I51: 29.7169 | J51: 28.5682 | K51: 9.2264 | L51: 27.2399 | M51: 26.6307 | N51: 25.102 | O51: 25.4866 | P51: 25.4872 | Q51: 25.332 | R51: 26.7288 | S51: 9.6921 | T51: 31.0224 | U51: 34.7794 | V51: 36.8048 | W51: 36.8048 | X51: 36.8048 | Y51: 45359 | Z51: 170.73 | AA51: 45363 | AB51: 45363 | AC51: 147.84
A52: APO UN Equity | B52: Financials | C52: 6.2899 | D52: 178.6416 | E52: 147.5546 | F52: 86.2405 | G52: 86.2405 | H52: -58.1915 | I52: #N/A N/A | J52: -40.7341 | K52: -40.7341 | L52: 27.0406 | M52: #N/A N/A | N52: 51.8668 | O52: 50.5614 | P52: 51.3663 | Q52: 48.1887 | R52: 31.4397 | S52: 31.4397 | T52: 20.4478 | U52: 21.8616 | V52: 17.8528 | W52: 17.8528 | X52: 17.8528 | Y52: 45362 | Z52: 172.75 | AA52: 45364 | AB52: 45364 | AC52: 147.82
A53: APP UW Equity | B53: Information Technology | C53: #N/A N/A | D53: #N/A N/A | E53: #N/A N/A | F53: 43.4165 | G53: #N/A N/A | H53: -5.2101 | I53: -3.981 | J53: -9.5461 | K53: -9.5461 | L53: 1.1852 | M53: 7.0175 | N53: 22.5078 | O53: 44.7393 | P53: 70.6665 | Q53: 113.1408 | R53: 134.5333 | S53: 134.5333 | T53: 245.1388 | U53: 234.6814 | V53: 206.7681 | W53: 206.7681 | X53: 206.7681 | Y53: 45363 | Z53: 173.23 | AA53: 45365 | AB53: 45365 | AC53: 145.21
A54: APTV UN Equity | B54: Consumer Discretionary | C54: 11.196 | D54: 12.9979 | E54: 10.1552 | F54: 6.4854 | G54: 18.3437 | H54: 1.3763 | I54: 3.7965 | J54: 6.1903 | K54: 9.7842 | L54: 10.3168 | M54: 23.5809 | N54: 28.5798 | O54: 29.6573 | P54: 35.6539 | Q54: 24.6592 | R54: 17.5678 | S54: 10.4279 | T54: 9.576 | U54: 3.2482 | V54: 1.833 | W54: 1.833 | X54: 1.833 | Y54: 45364 | Z54: 171.13 | AA54: 45366 | AB54: 45366 | AC54: 147.48
A55: ARE UN Equity | B55: Real Estate | C55: -6.8405 | D55: 7.6361 | E55: 7.2673 | F55: 4.0174 | G55: 4.0053 | H55: 1.862 | I55: 3.2893 | J55: 2.9058 | K55: 10.8717 | L55: 3.0929 | M55: 1.3032 | N55: 0.4938 | O55: 0.9871 | P55: 0.7542 | Q55: 1.5337 | R55: 1.7027 | S55: 15.1656 | T55: -0.1211 | U55: -2.416 | V55: -8.6213 | W55: -8.6213 | X55: -8.6213 | Y55: 45365 | Z55: 173 | AA55: 45369 | AB55: 45369 | AC55: 146.09
A56: ATO UN Equity | B56: Utilities | C56: 21.5994 | D56: 9.5822 | E56: 9.0544 | F56: 8.9911 | G56: 33.2935 | H56: 8.8172 | I56: 8.9372 | J56: 8.7928 | K56: 29.4326 | L56: 8.4407 | M56: 8.7286 | N56: 8.7628 | O56: 9.157 | P56: 9.0134 | Q56: 9.0529 | R56: 9.0043 | S56: 33.8258 | T56: 9.0529 | U56: 9.319 | V56: 9.2331 | W56: 9.2331 | X56: 9.2331 | Y56: 45366 | Z56: 172.62 | AA56: 45370 | AB56: 45370 | AC56: 147.39
A57: ARES UN Equity | B57: Financials | C57: 17.8823 | D57: 24.3958 | E57: 24.9151 | F57: 28.5538 | G57: 28.5538 | H57: 18.3366 | I57: 10.9506 | J57: 9.4009 | K57: 9.4009 | L57: 18.2848 | M57: 25.1007 | N57: 26.629 | O57: 25.6431 | P57: 20.73 | Q57: 23.3909 | R57: 21.4211 | S57: 21.4211 | T57: 16.1601 | U57: 20.8362 | V57: 16.5138 | W57: 16.5138 | X57: 16.5138 | Y57: 45369 | Z57: 173.72 | AA57: 45371 | AB57: 45371 | AC57: 147.28
A58: AVB UN Equity | B58: Real Estate | C58: 7.6135 | D58: 9.9091 | E58: 9.4161 | F58: 9.263 | G58: 9.263 | H58: 7.4671 | I58: 11.1893 | J58: 10.2477 | K58: 10.2477 | L58: 11.0049 | M58: 8.0752 | N58: 8.0639 | O58: 8.3499 | P58: 7.1434 | Q58: 8.8061 | R58: 9.1214 | S58: 9.1214 | T58: 9.7924 | U58: 9.8113 | V58: 8.9273 | W58: 8.9273 | X58: 8.9273 | Y58: 45370 | Z58: 176.08 | AA58: 45372 | AB58: 45372 | AC58: 148.74
A59: AVGO UW Equity | B59: Information Technology | C59: 8.3441 | D59: 22.6644 | E59: 28.5255 | F59: 31.0854 | G59: 12.1011 | H59: 46.0447 | I59: 47.3485 | J59: 51.0589 | K59: 11.0206 | L59: 69.1034 | M59: 64.5746 | N59: 60.3122 | O59: 24.838 | P59: 22.3404 | Q59: 11.6152 | R59: 12.8619 | S59: 9.6909 | T59: 18.5128 | U59: 27.2544 | V59: 31.0479 | W59: 33.3714 | X59: 33.3714 | Y59: 45371 | Z59: 178.67 | AA59: 45373 | AB59: 45373 | AC59: 147.45
A60: AVY UN Equity | B60: Materials | C60: 24.8938 | D60: 45.8172 | E60: 50.4062 | F60: 47.795 | G60: 30.4195 | H60: 41.4751 | I60: 41.725 | J60: 38.2702 | K60: 11.9411 | L60: 34.2154 | M60: 23.7196 | N60: 24.1821 | O60: 26.099 | P60: 29.3146 | Q60: 30.2412 | R60: 31.7508 | S60: 7.8382 | T60: 31.6796 | U60: 30.2113 | V60: 30.2125 | W60: 30.2125 | X60: 30.2125 | Y60: 45372 | Z60: 171.37 | AA60: 45376 | AB60: 45376 | AC60: 145.56
A61: AWK UN Equity | B61: Utilities | C61: 13.2252 | D61: 11.4983 | E61: 11.4068 | F61: 18.3682 | G61: 12.0614 | H61: 18.2188 | I61: 18.0252 | J61: 10.9399 | K61: -32.9009 | L61: 10.3526 | M61: 10.422 | N61: 10.7947 | O61: 9.8087 | P61: 9.6308 | Q61: 9.7043 | R61: 10.4426 | S61: -7.303 | T61: 10.3965 | U61: 10.4565 | V61: 10.4965 | W61: 10.4965 | X61: 10.4965 | Y61: 45373 | Z61: 172.28 | AA61: 45377 | AB61: 45377 | AC61: 144.41
A62: ATVI UW Equity | B62: Communication Services | C62: 15.7819 | D62: 17.3986 | E62: 16.8645 | F62: 16.5339 | G62: 16.5339 | H62: 10.8762 | I62: 9.3629 | J62: 8.2135 | K62: 8.2135 | L62: 11.0909 | M62: #N/A N/A | N62: #N/A N/A | O62: #N/A N/A | P62: #N/A N/A | Q62: #N/A N/A | R62: #N/A N/A | S62: #N/A N/A | T62: #N/A N/A | U62: #N/A N/A | V62: #N/A N/A | W62: #N/A N/A | X62: #N/A N/A | Y62: 45376 | Z62: 170.85 | AA62: 45378 | AB62: 45378 | AC62: 147.37
A63: AXON UW Equity | B63: Industrials | C63: 8.0288 | D63: -7.123 | E63: -2.0583 | F63: -5.9303 | G63: 7.8037 | H63: 12.294 | I63: 8.908 | J63: 12.7044 | K63: 6.0705 | L63: 7.4936 | M63: 10.6183 | N63: 12.0667 | O63: 16.2825 | P63: 17.2672 | Q63: 16.5101 | R63: 19.1221 | S63: 5.8874 | T63: 14.0008 | U63: 10.0279 | V63: 4.4757 | W63: 4.4757 | X63: 4.4757 | Y63: 45377 | Z63: 169.71 | AA63: 45379 | AB63: 45379 | AC63: 145.51
A64: AXP UN Equity | B64: Financials | C64: 10.453 | D64: 29.6989 | E64: 33.1008 | F64: 35.1321 | G64: 17.0086 | H64: 30.6762 | I64: 31.1789 | J64: 31.5646 | K64: 7.2641 | L64: 29.3444 | M64: 30.7974 | N64: 31.2765 | O64: 32.3946 | P64: 34.5074 | Q64: 34.227 | R64: 34.2758 | S64: 3.1483 | T64: 32.3907 | U64: 33.5168 | V64: 33.5781 | W64: 33.5781 | X64: 33.5781 | Y64: 45378 | Z64: 173.31
A65: AZO UN Equity | B65: Consumer Discretionary | C65: #N/A N/A | D65: #N/A N/A | E65: #N/A N/A | F65: #N/A N/A | G65: #N/A N/A | H65: #N/A N/A | I65: #N/A N/A | J65: #N/A N/A | K65: #N/A N/A | L65: #N/A N/A | M65: #N/A N/A | N65: #N/A N/A | O65: #N/A N/A | P65: #N/A N/A | Q65: #N/A N/A | R65: #N/A N/A | S65: #N/A N/A | T65: #N/A N/A | U65: #N/A N/A | V65: #N/A N/A | W65: #N/A N/A | X65: #N/A N/A | Y65: 45379 | Z65: 171.48
A66: BA UN Equity | B66: Industrials | C66: 42.5138 | D66: #N/A N/A | E66: #N/A N/A | F66: #N/A N/A | G66: 26.2665 | H66: #N/A N/A | I66: #N/A N/A | J66: #N/A N/A | K66: 16.7674 | L66: #N/A N/A | M66: #N/A N/A | N66: #N/A N/A | O66: #N/A N/A | P66: #N/A N/A | Q66: #N/A N/A | R66: #N/A N/A | S66: 10.3554 | T66: #N/A N/A | U66: #N/A N/A | V66: #N/A N/A | W66: #N/A N/A | X66: #N/A N/A
A67: BAC UN Equity | B67: Financials | C67: 25.9304 | D67: 10.5556 | E67: 11.7271 | F67: 12.377 | G67: 13.2245 | H67: 10.7624 | I67: 10.5776 | J67: 10.6149 | K67: 25.0091 | L67: 11.4127 | M67: 11.5947 | N67: 9.7888 | O67: 9.0263 | P67: 8.6994 | Q67: 8.1572 | R67: 9.4912 | S67: 9.1912 | T67: 9.7776 | U67: 10.28 | V67: 10.603 | W67: 10.603 | X67: 10.603
A68: BALL UN Equity | B68: Materials | C68: 8.5547 | D68: 27.1833 | E68: 24.522 | F68: 25.4419 | G68: 8.7704 | H68: 21.0586 | I68: 26.7576 | J68: 20.2878 | K68: 7.0509 | L68: 21.8326 | M68: 16.3948 | N68: 19.5574 | O68: 77.0074 | P68: 78.1468 | Q68: 78.9756 | R68: 83.2312 | S68: 12.2463 | T68: 9.1757 | U68: 11.2128 | V68: 16.1659 | W68: 16.1659 | X68: 16.1659
A69: BAX UN Equity | B69: Health Care | C69: 16.3583 | D69: 13.4761 | E69: 14.0047 | F69: 14.4546 | G69: 11.3823 | H69: 11.6522 | I69: -33.2192 | J69: -32.6358 | K69: 147.7511 | L69: -39.5481 | M69: 38.017 | N69: 37.3165 | O69: 37.7028 | P69: 37.5265 | Q69: 1.3898 | R69: -8.4082 | S69: -8.4082 | T69: -2.0718 | U69: -4.5127 | V69: -14.6185 | W69: -14.6185 | X69: -14.6185
A70: BBY UN Equity | B70: Consumer Discretionary | C70: -1.387 | D70: 59.0381 | E70: 62.5169 | F70: 63.2233 | G70: 2.1289 | H70: 63.5379 | I70: 49.0383 | J70: 42.6351 | K70: -0.6444 | L70: 47.554 | M70: 45.0498 | N70: 43.9621 | O70: 42.4419 | P70: 42.3149 | Q70: 42.41 | R70: 43.0947 | S70: 18.0434 | T70: 30.2139 | U70: 26.7216 | V70: 22.4935 | W70: 37.0409 | X70: 37.0409
A71: BDX UN Equity | B71: Health Care | C71: 16.4109 | D71: 7.7421 | E71: 9.4182 | F71: 6.858 | G71: 43.3296 | H71: 6.7066 | I71: 7.6621 | J71: 6.1175 | K71: 49.9019 | L71: 6.1407 | M71: 5.8556 | N71: 4.7951 | O71: 5.135 | P71: 5.4552 | Q71: 6.5975 | R71: 6.8347 | S71: 19.6204 | T71: 6.1745 | U71: 6.5445 | V71: 6.9603 | W71: 6.9603 | X71: 6.9603
A72: BEN UN Equity | B72: Financials | C72: 48.4882 | D72: 11.643 | E72: 16.7514 | F72: 17.2644 | G72: -0.9365 | H72: 15.1461 | I72: 11.3834 | J72: 8.6506 | K72: -1.9174 | L72: 6.8943 | M72: 7.3668 | N72: 8.0049 | O72: 7.1057 | P72: 6.6604 | Q72: 3.7445 | R72: 3.0216 | S72: -27.5148 | T72: 2.4671 | U72: 4.1617 | V72: 4.9071 | W72: 4.9071 | X72: 4.9071
A73: BBWI UN Equity | B73: Consumer Discretionary | C73: 15.5718 | D73: #N/A N/A | E73: #N/A N/A | F73: #N/A N/A | G73: 16.8467 | H73: #N/A N/A | I73: #N/A N/A | J73: #N/A N/A | K73: 13.0291 | L73: #N/A N/A | M73: #N/A N/A | N73: #N/A N/A | O73: #N/A N/A | P73: #N/A N/A | Q73: #N/A N/A | R73: #N/A N/A | S73: 14.3708 | T73: #N/A N/A | U73: #N/A N/A | V73: #N/A N/A | W73: #N/A N/A | X73: #N/A N/A
A74: BF/B UN Equity | B74: Consumer Staples | C74: -14.2123 | D74: 38.9981 | E74: 31.9056 | F74: 28.8021 | G74: 18.0704 | H74: 31.0773 | I74: 32.6047 | J74: 29.7166 | K74: 23.0616 | L74: 26.0783 | M74: 24.8983 | N74: 24.0222 | O74: 30.7178 | P74: 30.1842 | Q74: 29.046 | R74: 28.0486 | S74: 31.9903 | T74: 23.1425 | U74: 22.6486 | V74: 20.6659 | W74: 20.4175 | X74: 20.4175
A75: BG UN Equity | B75: Consumer Staples | C75: 37.0227 | D75: 36.5604 | E75: 41.4437 | F75: 33.0635 | G75: 32.3373 | H75: 23.1315 | I75: 19.2908 | J75: 19.8728 | K75: 29.0322 | L75: 20.4071 | M75: 20.7111 | N75: 22.3462 | O75: 18.0923 | P75: 12.6646 | Q75: 11.2921 | R75: 10.9516 | S75: 33.9176 | T75: 13.1961 | U75: 10.215 | V75: 6.3214 | W75: 6.3214 | X75: 6.3214
A76: BIIB UW Equity | B76: Health Care | C76: 25.3744 | D76: 17.3894 | E76: 14.591 | F76: 14.4107 | G76: 17.5006 | H76: 18.2034 | I76: 24.6899 | J76: 25.0835 | K76: 1.415 | L76: 20.2328 | M76: 10.7251 | N76: 8.2355 | O76: 8.0429 | P76: 7.6334 | Q76: 10.4738 | R76: 10.3587 | S76: 13.1972 | T76: 9.1316 | U76: 9.3073 | V76: 7.3937 | W76: 7.3937 | X76: 7.3937
A77: BK UN Equity | B77: Financials | C77: 14.0295 | D77: 8.5777 | E77: 8.6399 | F77: 8.9408 | G77: 14.5785 | H77: 8.4203 | I77: 7.2337 | J77: 6.3516 | K77: 14.6987 | L77: 7.6577 | M77: 9.5879 | N77: 8.5008 | O77: 8.6529 | P77: 8.8794 | Q77: 9.1492 | R77: 11.8144 | S77: 16.1918 | T77: 12.7265 | U77: 13.0626 | V77: 13.8806 | W77: 13.8806 | X77: 13.8806
A78: BKNG UW Equity | B78: Consumer Discretionary | C78: 1.3684 | D78: 9.4059 | E78: 7.3054 | F78: 21.046 | G78: 4.6404 | H78: 35.067 | I78: 52.9788 | J78: 68.2589 | K78: 4.8923 | L78: #N/A N/A | M78: #N/A N/A | N78: #N/A N/A | O78: #N/A N/A | P78: #N/A N/A | Q78: #N/A N/A | R78: #N/A N/A | S78: 9.649 | T78: #N/A N/A | U78: #N/A N/A | V78: #N/A N/A | W78: #N/A N/A | X78: #N/A N/A
A79: BKR UW Equity | B79: Energy | C79: 7.8622 | D79: -0.2943 | E79: 1.0963 | F79: -1.5727 | G79: 10.0171 | H79: -3.2323 | I79: -3.4646 | J79: -4.1199 | K79: 13.2496 | L79: 7.6715 | M79: 11.4717 | N79: 13.0569 | O79: 12.1043 | P79: 12.9711 | Q79: 14.2435 | R79: 18.467 | S79: 4.9996 | T79: 18.3223 | U79: 16.8346 | V79: 14.4868 | W79: 14.4868 | X79: 14.4868
A80: BLDR UN Equity | B80: Industrials | C80: 58.3535 | D80: 27.9965 | E80: 43.571 | F80: 57.9459 | G80: 60.8588 | H80: 50.5226 | I80: 52.2386 | J80: 56.3104 | K80: 7.3617 | L80: 39.2666 | M80: 32.1128 | N80: 31.7807 | O80: 30.488 | P80: 32.4984 | Q80: 27.4354 | R80: 23.8759 | S80: 34.0714 | T80: 17.8319 | U80: 13.5554 | V80: 10.0644 | W80: 10.0644 | X80: 10.0644
A81: BIO UN Equity | B81: Health Care | C81: 7.9715 | D81: 42.7 | E81: 55.127 | F81: 36.0481 | G81: 9.5905 | H81: -18.8775 | I81: -50.6805 | J81: -31.137 | K81: 13.1635 | L81: -4.9324 | M81: -1.8886 | N81: -6.9439 | O81: -3.4268 | P81: -17.4128 | Q81: -9.7923 | R81: -24.0907 | S81: -0.1002 | T81: 4.5899 | U81: -9.5032 | V81: 10.838 | W81: 10.838 | X81: 10.838
A82: BLK UN Equity | B82: Financials | C82: 8.5469 | D82: 15.965 | E82: 16.4267 | F82: 16.1724 | G82: 9.5168 | H82: 15.9651 | I82: 15.0367 | J82: 13.728 | K82: 7.6311 | L82: 13.7801 | M82: 14.2131 | N82: 14.274 | O82: 15.2847 | P82: 15.4437 | Q82: 15.2221 | R82: 14.668 | S82: 6.3502 | T82: 14.3518 | U82: 12.6085 | V82: 10.7426 | W82: 10.7426 | X82: 10.7426
A83: BMY UN Equity | B83: Health Care | C83: -20.1633 | D83: -11.8251 | E83: -12.3725 | F83: 18.9622 | G83: 18.9622 | H83: 19.067 | I83: 19.1088 | J83: 18.8846 | K83: 18.8846 | L83: 24.6636 | M83: 26.8693 | N83: 26.5329 | O83: -25.4502 | P83: -26.7045 | Q83: -31.4608 | R83: -39.1041 | S83: -39.1041 | T83: 29.312 | U83: 33.8376 | V83: 40.5321 | W83: 40.5321 | X83: 40.5321
A84: BR UN Equity | B84: Industrials | C84: 76.9128 | D84: 34.698 | E84: 34.6561 | F84: 33.9283 | G84: 33.9283 | H84: 28.9201 | I84: 28.5597 | J84: 30.1364 | K84: 30.1364 | L84: 30.3154 | M84: 33.4122 | N84: 35.4834 | O84: 32.77 | P84: 31.6685 | Q84: 31.8114 | R84: 35.3407 | S84: 35.3407 | T84: 34.8102 | U84: 38.2154 | V84: 41.7934 | W84: 41.7934 | X84: 41.7934
A85: BRK/B UN Equity | B85: Financials | C85: 49.423 | D85: 24.4881 | E85: 19.3737 | F85: 18.9169 | G85: 39.1317 | H85: 2.5652 | I85: -0.2571 | J85: -4.6465 | K85: 33.1867 | L85: 17.3203 | M85: 15.6468 | N85: 18.5993 | O85: 13.6465 | P85: 11.8883 | Q85: 18.5161 | R85: 14.7021 | S85: 45.2164 | T85: 9.9108 | U85: 10.166 | V85: 9.7993 | W85: 9.7993 | X85: 9.7993
A86: BRO UN Equity | B86: Financials | C86: 22.3334 | D86: 14.7662 | E86: 14.5707 | F86: 14.4419 | G86: 38.623 | H86: 14.618 | I86: 14.6445 | J86: 14.9736 | K86: 40.3873 | L86: 15.3871 | M86: 15.4564 | N86: 16.83 | O86: 17.2192 | P86: 17.6781 | Q86: 17.8123 | R86: 16.3683 | S86: 55.6713 | T86: 11.2826 | U86: 10.4828 | V86: 10.977 | W86: 10.977 | X86: 10.977
A87: BSX UN Equity | B87: Health Care | C87: 10.0312 | D87: 3.3335 | E87: 6.8696 | F87: 6.1602 | G87: 14.1517 | H87: 4.983 | I87: 3.4955 | J87: 3.7549 | K87: 9.4999 | L87: 4.8538 | M87: 6.5214 | N87: 8.514 | O87: 9.3393 | P87: 9.4671 | Q87: 9.0516 | R87: 9.0322 | S87: 13.4008 | T87: 11.7133 | U87: 12.6613 | V87: 12.5992 | W87: 12.5992 | X87: 12.5992
A88: BKR UN Equity | B88: Energy | C88: 13.3089 | D88: -0.2943 | E88: 1.0963 | F88: -1.5727 | G88: 14.3355 | H88: -3.2323 | I88: -3.4646 | J88: -4.1199 | K88: 8.3507 | L88: 7.6715 | M88: 11.4717 | N88: 13.0569 | O88: 12.1043 | P88: 12.9711 | Q88: 14.2435 | R88: 18.467 | S88: 18.9259 | T88: 18.3223 | U88: 16.8346 | V88: 14.4868 | W88: 14.4868 | X88: 14.4868
A89: BWA UN Equity | B89: Consumer Discretionary | C89: 12.6649 | D89: 13.8721 | E89: 13.4351 | F89: 8.0293 | G89: 25.0016 | H89: 9.4696 | I89: 12.1899 | J89: 13.3079 | K89: 13.8638 | L89: 13.1302 | M89: 11.5602 | N89: 9.5771 | O89: 9.2456 | P89: 10.4515 | Q89: 15.0453 | R89: 5.9507 | S89: 12.1502 | T89: 3.4953 | U89: 2.2067 | V89: 5.0483 | W89: 5.0483 | X89: 5.0483
A90: BX UN Equity | B90: Financials | C90: 10.3599 | D90: 65.4093 | E90: 68.3709 | F90: 72.8761 | G90: 17.2062 | H90: 46.8132 | I90: 31.1094 | J90: 20.4655 | K90: 21.9018 | L90: 15.7374 | M90: 24.4174 | N90: 19.2207 | O90: 30.6488 | P90: 28.4009 | Q90: 31.4619 | R90: 36.9484 | S90: 36.9484 | T90: 37.7166 | U90: 35.1669 | V90: 35.7772 | W90: 35.7772 | X90: 35.7772
... A92: C UN Equity | B92: Financials | C92: 5.5627 | D92: 11.3705 | E92: 12.1831 | F92: 26.5952 | G92: 11.4394 | H92: 8.5408 | I92: 7.9317 | J92: 7.5039 | K92: 30.0092 | L92: 6.6834 | M92: 6.6563 | N92: 4.2324 | O92: 3.492 | P92: 3.6611 | Q92: 3.489 | R92: 6.0528 | S92: 25.9214 | T92: 6.6663 | U92: 6.9484 | V92: 6.7997 | W92: 6.7997 | X92: 6.7997
A93: CAG UN Equity | B93: Consumer Staples | C93: 82.835 | D93: 15.8121 | E93: 14.4522 | F93: 12.9084 | G93: 97.5284 | H93: 10.2448 | I93: 6.7439 | J93: 7.8603 | K93: 88.9033 | L93: 7.8016 | M93: 12.431 | N93: 11.1498 | O93: 10.5653 | P93: 4.0426 | Q93: 5.6234 | R93: 5.5334 | S93: 48.7068 | T93: 13.2665 | U93: 9.654 | V93: -1.1603 | W93: #N/A N/A | X93: #N/A N/A
A94: CAH UN Equity | B94: Health Care | C94: 93.064 | D94: 34.1341 | E94: 80.6394 | F94: 37.3863 | G94: 37.3863 | H94: #N/A N/A | I94: #N/A N/A | J94: #N/A N/A | K94: -1.5573 | L94: #N/A N/A | M94: #N/A N/A | N94: #N/A N/A | O94: #N/A N/A | P94: #N/A N/A | Q94: #N/A N/A | R94: #N/A N/A | S94: 24.7071 | T94: #N/A N/A | U94: #N/A N/A | V94: #N/A N/A | W94: #N/A N/A | X94: #N/A N/A
A95: CARR UN Equity | B95: Industrials | C95: 13.8961 | D95: 46.2908 | E95: 37.079 | F95: 25.5626 | G95: 46.9066 | H95: 40.8118 | I95: 51.0675 | J95: 48.6609 | K95: 63.945 | L95: 29.3761 | M95: 15.6364 | N95: 16.4162 | O95: 12.6428 | P95: 31.1267 | Q95: 30.3624 | R95: 49.2486 | S95: 26.1448 | T95: 28.1028 | U95: 27.2721 | V95: 10.6437 | W95: 10.6437 | X95: 10.6437
A96: CAT UN Equity | B96: Industrials | C96: 7.4434 | D96: 28.7303 | E96: 32.5742 | F96: 40.7921 | G96: 9.9024 | H96: 41.4988 | I96: 45.7031 | J96: 41.449 | K96: 9.2802 | L96: 49.2315 | M96: 50.5155 | N96: 58.4509 | O96: 62.8591 | P96: 62.248 | Q96: 53.5376 | R96: 55.3649 | S96: 6.3385 | T96: 52.7339 | U96: 46.3013 | V96: 43.5394 | W96: 43.5394 | X96: 43.5394
A97: CB UN Equity | B97: Financials | C97: 25.7688 | D97: 14.2429 | E97: 15.2353 | F97: 14.3326 | G97: 24.5294 | H97: 12.7845 | I97: 11.4083 | J97: 9.5634 | K97: 11.6737 | L97: 11.0731 | M97: 14.0763 | N97: 16.4107 | O97: 16.3475 | P97: 17.0586 | Q97: 16.9254 | R97: 15.012 | S97: 13.3546 | T97: 14.1038 | U97: 14.0613 | V97: 14.9661 | W97: 14.9661 | X97: 14.9661
A98: CBOE UF Equity | B98: Financials | C98: 34.8207 | D98: 13.0395 | E98: 13.1287 | F98: 15.166 | G98: 47.4956 | H98: 6.2645 | I98: 7.0566 | J98: 6.5996 | K98: 45.1592 | L98: 18.7171 | M98: 19.9291 | N98: 20.3348 | O98: 20.9764 | P98: 19.9295 | Q98: 19.4133 | R98: 18.4159 | S98: 32.1095 | T98: 20.6359 | U98: 21.515 | V98: 23.2493 | W98: 23.2493 | X98: 23.2493
A99: CBRE UN Equity | B99: Real Estate | C99: 14.3526 | D99: 17.3338 | E99: 20.0934 | F99: 23.536 | G99: 30.5533 | H99: 25.3846 | I99: 25.3893 | J99: 17.1825 | K99: 45.3767 | L99: 10.4231 | M99: 7.554 | N99: 12.2312 | O99: 12.3437 | P99: 11.2258 | Q99: 11.7 | R99: 11.6081 | S99: 36.9404 | T99: 13.1254 | U99: 14.2567 | V99: 13.3842 | W99: 13.3842 | X99: 13.3842
A100: CCI UN Equity | B100: Real Estate | C100: 18.1019 | D100: 12.5881 | E100: 13.8861 | F100: 12.3709 | G100: 11.4627 | H100: 18.6557 | I100: 19.9321 | J100: 21.3153 | K100: 14.9025 | L100: 22.8752 | M100: 21.6197 | N100: 21.6775 | O100: 20.9781 | P100: 18.7116 | Q100: 20.4931 | R100: #N/A N/A | S100: 12.3675 | T100: #N/A N/A | U100: #N/A N/A | V100: #N/A N/A | W100: #N/A N/A | X100: #N/A N/A
A101: CCL UN Equity | B101: Consumer Discretionary | C101: 31.9291 | D101: -47.1381 | E101: -52.9768 | F101: -58.1101 | G101: 17.7357 | H101: -70.2556 | I101: -61.2254 | J101: -63.4357 | K101: 0.1051 | L101: -49.1044 | M101: -21.1748 | N101: -1.0612 | O101: 6.3025 | P101: 14.2598 | Q101: 18.7942 | R101: 22.4757 | S101: 10.9738 | T101: 28.7973 | U101: 25.743 | V101: 25.642 | W101: #N/A N/A | X101: #N/A N/A
...

Sheet IMPLIEDREVISION
A1: BEST_TARGET_PRICE | B1: SPX Index | C1: 2499073D UN Equity | D1: 9903115D UN Equity | E1: A UN Equity | F1: 9980328D UN Equity | G1: AAPL UW Equity | H1: 9983490D UN Equity | I1: ABBV UN Equity | J1: 9990213D UN Equity | K1: 9991429D UN Equity | L1: ABNB UW Equity | M1: ABT UN Equity | N1: AAL UW Equity | O1: ACGL UW Equity | P1: AAP UN Equity | Q1: ACN UN Equity | R1: ADBE UW Equity | S1: ADI UW Equity | T1: ADM UN Equity | U1: ABMD UW Equity | V1: ADP UW Equity | W1: ADSK UW Equity | X1: AEE UN Equity | Y1: AEP UW Equity | Z1: AES UN Equity | AA1: AFL UN Equity | AB1: AIG UN Equity | AC1: AIZ UN Equity | AD1: AJG UN Equity | AE1: AKAM UW Equity | AF1: ALB UN Equity | AG1: ALGN UW Equity | AH1: ALL UN Equity | AI1: ALLE UN Equity | AJ1: AMAT UW Equity | AK1: AMCR UN Equity | AL1: AMD UW Equity | AM1: ALK UN Equity | AN1: AME UN Equity | AO1: AMGN UW Equity | AP1: AMP UN Equity | AQ1: AMT UN Equity | AR1: AMZN UW Equity | AS1: ALXN UW Equity | AT1: ANET UN Equity | AU1: ANSS UW Equity | AV1: AON UN Equity | AW1: AOS UN Equity | AX1: APA UW Equity | AY1: APD UN Equity | AZ1: APH UN Equity | BA1: APO UN Equity | BB1: APP UW Equity | BC1: APTV UN Equity | BD1: ARE UN Equity | BE1: ATO UN Equity | BF1: ARES UN Equity | BG1: AVB UN Equity | BH1: AVGO UW Equity | BI1: AVY UN Equity | BJ1: AWK UN Equity | BK1: ATVI UW Equity | BL1: AXON UW Equity | BM1: AXP UN Equity | BN1: AZO UN Equity | BO1: BA UN Equity | BP1: BAC UN Equity | BQ1: BALL UN Equity | BR1: BAX UN Equity | BS1: BBY UN Equity | BT1: BDX UN Equity | BU1: BEN UN Equity | BV1: BBWI UN Equity | BW1: BF/B UN Equity | BX1: BG UN Equity | BY1: BIIB UW Equity | BZ1: BK UN Equity | CA1: BKNG UW Equity | CB1: BKR UW Equity | CC1: BLDR UN Equity | CD1: BIO UN Equity | CE1: BLK UN Equity | CF1: BMY UN Equity | CG1: BR UN Equity | CH1: BRK/B UN Equity | CI1: BRO UN Equity | CJ1: BSX UN Equity | CK1: BKR UN Equity | CL1: BWA UN Equity | CM1: BX UN Equity | CN1: BXP UN Equity | CO1: C UN Equity | CP1: CAG UN Equity | CQ1: CAH UN Equity | CR1: CARR UN Equity | CS1: CAT UN Equity | CT1: CB UN Equity | CU1: CBOE UF Equity | CV1: CBRE UN Equity | CW1: CCI UN Equity | CX1: CCL UN Equity | CY1: CDNS UW Equity | CZ1: CDW UW Equity | DA1: CE UN Equity | DB1: CEG UW Equity | DC1: CF UN Equity | DD1: CFG UN Equity | DE1: CHD UN Equity | DF1: CHRW UW Equity | DG1: CERN UW Equity | DH1: CHTR UW Equity | DI1: CI UN Equity | DJ1: CIEN UN Equity | DK1: CINF UW Equity | DL1: CL UN Equity | DM1: CLX UN Equity | DN1: CMCSA UW Equity | DO1: CME UW Equity | DP1: CMG UN Equity | DQ1: CMA UN Equity | DR1: CMI UN Equity | DS1: CMS UN Equity | DT1: CNC UN Equity | DU1: CNP UN Equity | DV1: COF UN Equity | DW1: COO UW Equity | DX1: COIN UW Equity | DY1: COP UN Equity | DZ1: COR UN Equity | EA1: COST UW Equity | EB1: COO UN Equity | EC1: CPAY UN Equity | ED1: CPB UW Equity | EE1: CPRT UW Equity | EF1: CPT UN Equity | EG1: CRL UN Equity | EH1: CPB UN Equity | EI1: CRM UN Equity | EJ1: CRH UN Equity | EK1: CRWD UW Equity | EL1: CSCO UW Equity | EM1: CSGP UW Equity | EN1: CSX UW Equity | EO1: CTAS UW Equity | EP1: CTRA UN Equity | EQ1: CTLT UN Equity | ER1: CTSH UW Equity | ES1: CTVA UN Equity | ET1: CVS UN Equity | EU1: CVX UN Equity | EV1: CTXS UW Equity | EW1: CZR UW Equity | EX1: CVNA UN Equity | EY1: D UN Equity | EZ1: DAL UN Equity | FA1: DAY UN Equity | FB1: DD UN Equity | FC1: DE UN Equity | FD1: DASH UW Equity | FE1: DECK UN Equity | FF1: DFS UN Equity | FG1: DELL UN Equity | FH1: DDOG UW Equity | FI1: DG UN Equity | FJ1: DGX UN Equity | FK1: DHI UN Equity | FL1: DHR UN Equity | FM1: DIS UN Equity | FN1: DISCA UW Equity | FO1: DISCK UW Equity | FP1: DLR UN Equity | FQ1: DISH UW Equity | FR1: DLTR UW Equity | FS1: DOC UN Equity | FT1: DOV UN Equity | FU1: DOW UN Equity | FV1: DPZ UW Equity | FW1: DOC US Equity | FX1: DRI UN Equity | FY1: DPZ UN Equity | FZ1: DTE UN Equity | GA1: DRE UN Equity | GB1: DUK UN Equity | GC1: DVA UN Equity | GD1: DVN UN Equity | GE1: DXCM UW Equity | GF1: EA UW Equity | GG1: EBAY UW Equity | GH1: DXC UN Equity | GI1: ECL UN Equity | GJ1: ED UN Equity | GK1: EFX UN Equity | GL1: EG UN Equity | GM1: EIX UN Equity | GN1: EL UN Equity | GO1: ELV UN Equity | GP1: EMN UN Equity | GQ1: EMR UN Equity | GR1: ENPH UQ Equity | GS1: EME UN Equity | GT1: EOG UN Equity | GU1: EPAM UN Equity | GV1: EQIX UW Equity | GW1: EQR UN Equity | GX1: EQT UN Equity | GY1: ERIE UW Equity | GZ1: ES UN Equity | HA1: ESS UN Equity | HB1: ETN UN Equity | HC1: ETR UN Equity | HD1: EVRG UW Equity | HE1: ETSY UW Equity | HF1: EW UN Equity | HG1: EVRG UN Equity | HH1: EXC UW Equity | HI1: EXPD UN Equity | HJ1: EXPE UW Equity | HK1: EXE UW Equity | HL1: EXPD UW Equity | HM1: EXR UN Equity | HN1: F UN Equity | HO1: FANG UW Equity | HP1: FAST UW Equity | HQ1: FCX UN Equity | HR1: FDS UN Equity | HS1: FBIN UN Equity | HT1: FDX UN Equity | HU1: FE UN Equity | HV1: FFIV UW Equity | HW1: FICO UN Equity | HX1: FIS UN Equity | HY1: FISV UN Equity | HZ1: FISV UW Equity | IA1: FITB UW Equity | IB1: FMC UN Equity | IC1: FLIR UW Equity | ID1: FOX UW Equity | IE1: FLS UN Equity | IF1: FOXA UW Equity | IG1: FIX UN Equity | IH1: FRT UN Equity | II1: FSLR UW Equity | IJ1: FTNT UW Equity | IK1: FRCB UN Equity | IL1: FTV UN Equity | IM1: GD UN Equity | IN1: GDDY UN Equity | IO1: GE UN Equity | IP1: GAP UN Equity | IQ1: GEHC UW Equity | IR1: GEN UW Equity | IS1: GEV UN Equity | IT1: GILD UW Equity | IU1: GIS UN Equity | IV1: GL UN Equity | IW1: GLW UN Equity | IX1: GM UN Equity | IY1: GNRC UN Equity | IZ1: GOOG UW Equity | JA1: GOOGL UW Equity | JB1: GPC UN Equity | JC1: GPN UN Equity | JD1: GRMN UW Equity | JE1: GRMN UN Equity | JF1: GS UN Equity | JG1: GWW UN Equity | JH1: HAL UN Equity | JI1: HAS UW Equity | JJ1: HBAN UW Equity | JK1: HBI UN Equity | JL1: HCA UN Equity | JM1: HD UN Equity | JN1: HES UN Equity | JO1: HIG UN Equity | JP1: HFC UN Equity | JQ1: HII UN Equity | JR1: HLT UN Equity | JS1: HOLX UW Equity | JT1: HON UW Equity | JU1: HPE UN Equity | JV1: HON UN Equity | JW1: HPQ UN Equity | JX1: HOOD UW Equity | JY1: HRL UN Equity | JZ1: HSIC UW Equity | KA1: HST UW Equity | KB1: HSY UN Equity | KC1: HUBB UN Equity | KD1: HUM UN Equity | KE1: HWM UN Equity | KF1: IBM UN Equity | KG1: ICE UN Equity | KH1: IDXX UW Equity | KI1: IBKR UW Equity | KJ1: IEX UN Equity | KK1: IFF UN Equity | KL1: INCY UW Equity | KM1: ILMN UW Equity | KN1: INTC UW Equity | KO1: INTU UW Equity | KP1: INVH UN Equity | KQ1: IP UN Equity | KR1: IPG UN Equity | KS1: IQV UN Equity | KT1: IPGP UW Equity | KU1: IR UN Equity | KV1: IRM UN Equity | KW1: ISRG UW Equity | KX1: IT UN Equity | KY1: ITW UN Equity | KZ1: IVZ UN Equity | LA1: J UN Equity | LB1: JBHT UW Equity | LC1: JBL UN Equity | LD1: JCI UN Equity | LE1: JKHY UW Equity | LF1: JNJ UN Equity | LG1: JNPR UN Equity | LH1: JPM UN Equity | LI1: K UN Equity | LJ1: KEY UN Equity | LK1: KDP UW Equity | LL1: KEYS UN Equity | LM1: KHC UW Equity | LN1: KIM UN Equity | LO1: KLAC UW Equity | LP1: KMB UN Equity | LQ1: KKR UN Equity | LR1: KMI UN Equity | LS1: KMX UN Equity | LT1: KMB UW Equity | LU1: KO UN Equity | LV1: KR UN Equity | LW1: KSU UN Equity | LX1: L UN Equity | LY1: KVUE UN Equity | LZ1: LDOS UN Equity | MA1: LEG UN Equity | MB1: LEN UN Equity | MC1: LHX UN Equity | MD1: LIN UN Equity | ME1: LH UN Equity | MF1: LKQ UW Equity | MG1: LLY UN Equity | MH1: LII UN Equity | MI1: LMT UN Equity | MJ1: LIN UW Equity | MK1: LNC UN Equity | ML1: LNT UW Equity | MM1: LOW UN Equity | MN1: LRCX UW Equity | MO1: LUMN UN Equity | MP1: LUV UN Equity | MQ1: LULU UW Equity | MR1: LVS UN Equity | MS1: LW UN Equity | MT1: LYB UN Equity | MU1: LYV UN Equity | MV1: MA UN Equity | MW1: MAA UN Equity | MX1: MAR UW Equity | MY1: MAS UN Equity | MZ1: MCD UN Equity | NA1: MCHP UW Equity | NB1: MCK UN Equity | NC1: MCO UN Equity | ND1: MDLZ UW Equity | NE1: MDT UN Equity | NF1: MET UN Equity | NG1: META UW Equity | NH1: MGM UN Equity | NI1: MHK UN Equity | NJ1: MKC UN Equity | NK1: MKTX UW Equity | NL1: MLM UN Equity | NM1: MMM UN Equity | NN1: MNST UW Equity | NO1: MO UN Equity | NP1: MOH UN Equity | NQ1: MOS UN Equity | NR1: MPC UN Equity | NS1: MPWR UW Equity | NT1: MRK UN Equity | NU1: MRNA UW Equity | NV1: MRO UN Equity | NW1: MRSH UN Equity | NX1: MS UN Equity | NY1: MSCI UN Equity | NZ1: MSFT UW Equity | OA1: MSI UN Equity | OB1: MTB UN Equity | OC1: MTCH UW Equity | OD1: MTD UN Equity | OE1: MU UW Equity | OF1: MXIM UW Equity | OG1: NCLH UN Equity | OH1: NDAQ UW Equity | OI1: NDSN UW Equity | OJ1: NEE UN Equity | OK1: NEM UN Equity | OL1: NFLX UW Equity | OM1: NI UN Equity | ON1: NKE UN Equity | OO1: NLSN UN Equity | OP1: NOC UN Equity | OQ1: NOW UN Equity | OR1: NOV UN Equity | OS1: NRG UN Equity | OT1: NSC UN Equity | OU1: NTAP UW Equity | OV1: NTRS UW Equity | OW1: NUE UN Equity | OX1: NVDA UW Equity | OY1: NVR UN Equity | OZ1: NWS UW Equity | PA1: NWSA UW Equity | PB1: NWL UW Equity | PC1: NXPI UW Equity | PD1: O UN Equity | PE1: ODFL UW Equity | PF1: OKE UN Equity | PG1: OMC UN Equity | PH1: ON UW Equity | PI1: ORCL UN Equity | PJ1: OGN UN Equity | PK1: ORLY UW Equity | PL1: OTIS UN Equity | PM1: OXY UN Equity | PN1: PANW UW Equity | PO1: PARA UW Equity | PP1: PAYC UN Equity | PQ1: PAYX UW Equity | PR1: PCAR UW Equity | PS1: PBCT UW Equity | PT1: PCG UN Equity | PU1: PEG UN Equity | PV1: PEP UW Equity | PW1: PFE UN Equity | PX1: PFG UW Equity | PY1: PG UN Equity | PZ1: PENN UW Equity | QA1: PGR UN Equity | QB1: PH UN Equity | QC1: PHM UN Equity | QD1: PKG UN Equity | QE1: PLD UN Equity | QF1: PLTR UW Equity | QG1: PM UN Equity | QH1: PNC UN Equity | QI1: PNR UN Equity | QJ1: PNW UN Equity | QK1: POOL UW Equity | QL1: PODD UW Equity | QM1: PPG UN Equity | QN1: PPL UN Equity | QO1: PRGO UN Equity | QP1: PRU UN Equity | QQ1: PSA UN Equity | QR1: PSX UN Equity | QS1: PSKY UW Equity | QT1: PVH UN Equity | QU1: PWR UN Equity | QV1: PTC UW Equity | QW1: PXD UN Equity | QX1: PYPL UW Equity | QY1: QCOM UW Equity | QZ1: Q UN Equity | RA1: QRVO UW Equity | RB1: RCL UN Equity | RC1: REG UW Equity | RD1: REGN UW Equity | RE1: RF UN Equity | RF1: RHI UN Equity | RG1: RJF UN Equity | RH1: RL UN Equity | RI1: RMD UN Equity | RJ1: ROK UN Equity | RK1: ROL UN Equity | RL1: ROP UW Equity | RM1: ROP UN Equity | RN1: ROST UW Equity | RO1: RSG UN Equity | RP1: RTX UN Equity | RQ1: RVTY UN Equity | RR1: SBAC UW Equity | RS1: SBUX UW Equity | RT1: SCHW UN Equity | RU1: SHW UN Equity | RV1: SEE UN Equity | RW1: SJM UN Equity | RX1: SLB UN Equity | RY1: SIVBQ UW Equity | RZ1: SBNY UW Equity | SA1: SMCI UW Equity | SB1: SNA UN Equity | SC1: SEDG UW Equity | SD1: SNDK UW Equity | SE1: SLG UN Equity | SF1: SNPS UW Equity | SG1: SO UN Equity | SH1: SOLV UN Equity | SI1: SPG UN Equity | SJ1: SPGI UN Equity | SK1: SRE UN Equity | SL1: STE UN Equity | SM1: STLD UW Equity | SN1: STT UN Equity | SO1: STX UW Equity | SP1: STZ UN Equity | SQ1: SWK UN Equity | SR1: SW UN Equity | SS1: SWKS UW Equity | ST1: SYF UN Equity | SU1: SYK UN Equity | SV1: SYY UN Equity | SW1: T UN Equity | SX1: TAP UN Equity | SY1: TDG UN Equity | SZ1: TDY UN Equity | TA1: TER UW Equity | TB1: TFC UN Equity | TC1: TECH UW Equity | TD1: TFX UN Equity | TE1: TEL UN Equity | TF1: TGT UN Equity | TG1: TJX UN Equity | TH1: TMO UN Equity | TI1: TMUS UW Equity | TJ1: TPR UN Equity | TK1: TKO UN Equity | TL1: TRMB UW Equity | TM1: TROW UW Equity | TN1: TRV UN Equity | TO1: TPL UN Equity | TP1: TSCO UW Equity | TQ1: TSLA UW Equity | TR1: TRGP UN Equity | TS1: TSN UN Equity | TT1: TT UN Equity | TU1: TTWO UW Equity | TV1: TWTR UN Equity | TW1: TXN UW Equity | TX1: TXT UN Equity | TY1: TYL UN Equity | TZ1: UA UN Equity | UA1: TTD UQ Equity | UB1: UAA UN Equity | UC1: UAL UW Equity | UD1: UDR UN Equity | UE1: UHS UN Equity | UF1: ULTA UW Equity | UG1: UNH UN Equity | UH1: UBER UN Equity | UI1: UNM UN Equity | UJ1: UNP UN Equity | UK1: UPS UN Equity | UL1: URI UN Equity | UM1: USB UN Equity | UN1: V UN Equity | UO1: VAR UN Equity | UP1: VFC UN Equity | UQ1: VLO UN Equity | UR1: VMC UN Equity | US1: VICI UN Equity | UT1: VNO UN Equity | UU1: VNT UN Equity | UV1: VLTO UN Equity | UW1: VRSK UW Equity | UX1: VRSN UW Equity | UY1: VRTX UW Equity | UZ1: VTR UN Equity | VA1: VTRS UW Equity | VB1: VST UN Equity | VC1: VZ UN Equity | VD1: WAB UN Equity | VE1: WAT UN Equity | VF1: WBA UW Equity | VG1: WDC UW Equity | VH1: WBD UW Equity | VI1: WEC UN Equity | VJ1: WELL UN Equity | VK1: WDAY UW Equity | VL1: WFC UN Equity | VM1: WHR UN Equity | VN1: WM UN Equity | VO1: WMB UN Equity | VP1: WMT UN Equity | VQ1: WRB UN Equity | VR1: WRK UN Equity | VS1: WMT UW Equity | VT1: WST UN Equity | VU1: WTW UW Equity | VV1: WSM UN Equity | VW1: WU UN Equity | VX1: WY UN Equity | VY1: WYNN UW Equity | VZ1: XEL UW Equity | WA1: XLNX UW Equity | WB1: XOM UN Equity | WC1: XRAY UW Equity | WD1: XYL UN Equity | WE1: XRX UN Equity | WF1: YUM UN Equity | WG1: XYZ UN Equity | WH1: ZBH UN Equity | WI1: ZBRA UW Equity | WJ1: ZION UW Equity | WK1: ZTS UN Equity | WL1: 0848680D UN Equity | WM1: 1284849D UN Equity | WN1: 1436513D UN Equity | WO1: 1518855D US Equity | WP1: 1831877D UN Equity | WQ1: 1927294D UN Equity | WR1: 2078185D UN Equity | WS1: 0867887D UN Equity | WT1: 1255459D UW Equity | WU1: 1288453D UW Equity | WV1: 1500785D UN Equity | WW1: 1697067D UN Equity | WX1: 1856613D UN Equity | WY1: 0961514D UN Equity | WZ1: 1431816D UW Equity | XA1: 1715651D UN Equity | XB1: 1922150D UN Equity | XC1: 2370058D UN Equity | XD1: 1086832D UN Equity | XE1: 1448062D UW Equity | XF1: 1539941D UN Equity | XG1: 1806854D UN Equity | XH1: 2499073D UW Equity | XI1: 1566019D UN Equity | XJ1: 2616271D UN Equity | XK1: 1280712D UW Equity | XL1: 2326248D UW Equity | XM1: 1431816D UN Equity | XN1: 1541931D UW Equity | XO1: 1684442D UN Equity | XP1: 2558202D UW Equity | XQ1: 1683997D UW Equity | XR1: 1752754D UN Equity | XS1: 2258717D UN Equity | XT1: 2619871D UW Equity | XU1: 2544554D UW Equity | XV1: 1858968D UN Equity | XW1: 2557974D UN Equity | XX1: 2596482D UN Equity | XY1: AEP UN Equity | XZ1: 2071296D UN Equity | YA1: 2558202D UN Equity | YB1: 2584271D UN Equity | YC1: AGN UN Equity | YD1: 1996074D UN Equity | YE1: 2596516D UN Equity | YF1: AIV UN Equity | YG1: AA UN Equity | YH1: 9876549D UN Equity | YI1: AET UN Equity | YJ1: 9876566D UN Equity | YK1: 9876544D UN Equity | YL1: AMG UN Equity | YM1: AMD UR Equity | YN1: APA UN Equity | YO1: ADI UN Equity | YP1: ANDV UN Equity | YQ1: AN UN Equity | YR1: AYI UN Equity | YS1: ARG UN Equity | YT1: AMD UN Equity | YU1: BFH UN Equity | YV1: BBBYQ UW Equity | YW1: BHF UW Equity | YX1: ANF UN Equity | YY1: ATI UN Equity | YZ1: ANRZQ UN Equity | ZA1: BCR UN Equity | ZB1: AVP UN Equity | ZC1: APOL UW Equity | ZD1: BHI UN Equity | ZE1: CBOE UW Equity | ZF1: BXLT UN Equity | ZG1: CELG UW Equity | ZH1: BRCM UW Equity | ZI1: BMS UN Equity | ZJ1: BIGGQ UN Equity | ZK1: BMC UW Equity | ZL1: CCEP UN Equity | ZM1: CHKAQ UN Equity | ZN1: BTUUQ UN Equity | ZO1: COTY UN Equity | ZP1: CBE UN Equity | ZQ1: COL UN Equity | ZR1: CPRI UN Equity | ZS1: CFN UN Equity | ZT1: CLF UN Equity | ZU1: CNX UN Equity | ZV1: CSRA UN Equity | ZW1: CPGX UN Equity | ZX1: CXO UN Equity | ZY1: CSX UN Equity | ZZ1: CVC UN Equity | AAA1: COV UN Equity | AAB1: CPPRQ UN Equity | AAC1: CVH UN Equity | AAD1: DOFSQ UN Equity | AAE1: DNRCQ UN Equity | AAF1: CVSA UN Equity | AAG1: DFODQ UN Equity | AAH1: ETFC UW Equity | AAI1: ENDPQ UW Equity | AAJ1: ESRX UW Equity | AAK1: EVHC UN Equity | AAL1: EXC UN Equity | AAM1: FDO UN Equity | AAN1: FL UN Equity | AAO1: FLR UN Equity | AAP1: FTI UN Equity | AAQ1: FTRCQ UW Equity | AAR1: FOSL UW Equity | AAS1: FHN UN Equity | AAT1: GAS UN Equity | AAU1: GGP UN Equity | AAV1: FHI UN Equity | AAW1: GME UN Equity | AAX1: GHC UN Equity | AAY1: GMCR UW Equity | AAZ1: GT UW Equity | ABA1: GNW UN Equity | ABB1: HAR UN Equity | ABC1: HOG UN Equity | ABD1: HP UN Equity | ABE1: HCBK UW Equity | ABF1: HRB UN Equity | ABG1: GR UN Equity | ABH1: HOT UN Equity | ABI1: GT UN Equity | ABJ1: HST UN Equity | ABK1: HNZ UN Equity | ABL1: HSP UN Equity | ABM1: HSH UN Equity | ABN1: JEF UN Equity | ABO1: JWN UN Equity | ABP1: JOY UN Equity | ABQ1: KDP UN Equity | ABR1: KSS UN Equity | ABS1: KRFT UW Equity | ABT1: LLTC UW Equity | ABU1: LM UN Equity | ABV1: LNT UN Equity | ABW1: LO UN Equity | ABX1: LVLT UN Equity | ABY1: M UN Equity | ABZ1: MAC UN Equity | ACA1: MAT UW Equity | ACB1: LXK UN Equity | ACC1: MAR UN Equity | ACD1: MJN UN Equity | ACE1: MNKKQ UN Equity | ACF1: MDLZ UN Equity | ACG1: MHS UN Equity | ACH1: MOLX UW Equity | ACI1: MUR UN Equity | ACJ1: MYL UW Equity | ACK1: NAVI UW Equity | ACL1: NBL UN Equity | ACM1: MWV UN Equity | ACN1: NBR UN Equity | ACO1: NFX UN Equity | ACP1: NEBLQ UN Equity | ACQ1: NBL UW Equity | ACR1: NKTR UW Equity | ACS1: NWL UN Equity | ACT1: OI UN Equity | ACU1: PARA UN Equity | ACV1: ORCL UW Equity | ACW1: PBI UN Equity | ACX1: PDCO UW Equity | ACY1: PCP UN Equity | ACZ1: PEP UN Equity | ADA1: PFG UN Equity | ADB1: PETM UW Equity | ADC1: PRGO UW Equity | ADD1: R UN Equity | ADE1: RAI UN Equity | ADF1: QEP UN Equity | ADG1: REG UN Equity | ADH1: RDC UN Equity | ADI1: RHT UN Equity | ADJ1: RIG UN Equity | ADK1: RRC UN Equity | ADL1: RRD UW Equity | ADM1: RTN UN Equity | ADN1: SCG UN Equity | ADO1: SIG UN Equity | ADP1: SHLDQ UW Equity | ADQ1: SIAL UW Equity | ADR1: SLM UW Equity | ADS1: SRCL UW Equity | ADT1: STJ UN Equity | ADU1: SVU UN Equity | ADV1: SWN UN Equity | ADW1: SWY UN Equity | ADX1: TDC UN Equity | ADY1: TFCF UW Equity | ADZ1: TEG UN Equity | AEA1: TFCFA UW Equity | AEB1: TER UN Equity | AEC1: TGNA UN Equity | AED1: THC UN Equity | AEE1: TNL UN Equity | AEF1: TIE UN Equity | AEG1: TRIP UW Equity | AEH1: TMUS UN Equity | AEI1: TSS UN Equity | AEJ1: TWC UN Equity | AEK1: TWX UN Equity | AEL1: UAL UN Equity | AEM1: URBN UW Equity | AEN1: VALPQ UN Equity | AEO1: VIAB UW Equity | AEP1: VIAV UW Equity | AEQ1: WBA UN Equity | AER1: WDC UN Equity | AES1: WFM UW Equity | AET1: WCG UN Equity | AEU1: WINMQ UW Equity | AEV1: WPX UN Equity | AEW1: X UN Equity | AEX1: XEL UN Equity | AEY1: XEC UN Equity
A2: 40935
A3: 41026 | B3: =('AVG TARGET'!B3/PX_LAST!B3)*('AVG TARGET'!B2/PX_LAST!B2)-1 -> 0.25857541 | C3: =('AVG TARGET'!C3/PX_LAST!C3)*('AVG TARGET'!C2/PX_LAST!C2)-1 -> #VALUE! | D3: =('AVG TARGET'!D3/PX_LAST!D3)*('AVG TARGET'!D2/PX_LAST!D2)-1 -> #VALUE! | E3: =('AVG TARGET'!E3/PX_LAST!E3)*('AVG TARGET'!E2/PX_LAST!E2)-1 -> 0.36550609 | F3: =('AVG TARGET'!F3/PX_LAST!F3)*('AVG TARGET'!F2/PX_LAST!F2)-1 -> #VALUE! | G3: =('AVG TARGET'!G3/PX_LAST!G3)*('AVG TARGET'!G2/PX_LAST!G2)-1 -> 0.56407249 | H3: =('AVG TARGET'!H3/PX_LAST!H3)*('AVG TARGET'!H2/PX_LAST!H2)-1 -> #VALUE! | I3: =('AVG TARGET'!I3/PX_LAST!I3)*('AVG TARGET'!I2/PX_LAST!I2)-1 -> #VALUE! | ... AEY3: =('AVG TARGET'!AEY3/PX_LAST!AEY3)*('AVG TARGET'!AEY2/PX_LAST!AEY2)-1 -> 0.67612425
A4: 41117 | B4: =('AVG TARGET'!B4/PX_LAST!B4)*('AVG TARGET'!B3/PX_LAST!B3)-1 -> 0.2564639 | C4: =('AVG TARGET'!C4/PX_LAST!C4)*('AVG TARGET'!C3/PX_LAST!C3)-1 -> #VALUE! | D4: =('AVG TARGET'!D4/PX_LAST!D4)*('AVG TARGET'!D3/PX_LAST!D3)-1 -> #VALUE! | E4: =('AVG TARGET'!E4/PX_LAST!E4)*('AVG TARGET'!E3/PX_LAST!E3)-1 -> 0.64517119 | F4: =('AVG TARGET'!F4/PX_LAST!F4)*('AVG TARGET'!F3/PX_LAST!F3)-1 -> #VALUE! | G4: =('AVG TARGET'!G4/PX_LAST!G4)*('AVG TARGET'!G3/PX_LAST!G3)-1 -> 0.55165059 | H4: =('AVG TARGET'!H4/PX_LAST!H4)*('AVG TARGET'!H3/PX_LAST!H3)-1 -> #VALUE! | I4: =('AVG TARGET'!I4/PX_LAST!I4)*('AVG TARGET'!I3/PX_LAST!I3)-1 -> #VALUE! | ... AEY4: =('AVG TARGET'!AEY4/PX_LAST!AEY4)*('AVG TARGET'!AEY3/PX_LAST!AEY3)-1 -> 0.5585828
A5: 41207 | B5: =('AVG TARGET'!B5/PX_LAST!B5)*('AVG TARGET'!B4/PX_LAST!B4)-1 -> 0.2704241 | C5: =('AVG TARGET'!C5/PX_LAST!C5)*('AVG TARGET'!C4/PX_LAST!C4)-1 -> #VALUE! | D5: =('AVG TARGET'!D5/PX_LAST!D5)*('AVG TARGET'!D4/PX_LAST!D4)-1 -> #VALUE! | E5: =('AVG TARGET'!E5/PX_LAST!E5)*('AVG TARGET'!E4/PX_LAST!E4)-1 -> 0.78272401 | F5: =('AVG TARGET'!F5/PX_LAST!F5)*('AVG TARGET'!F4/PX_LAST!F4)-1 -> #VALUE! | G5: =('AVG TARGET'!G5/PX_LAST!G5)*('AVG TARGET'!G4/PX_LAST!G4)-1 -> 0.60705621 | H5: =('AVG TARGET'!H5/PX_LAST!H5)*('AVG TARGET'!H4/PX_LAST!H4)-1 -> #VALUE! | I5: =('AVG TARGET'!I5/PX_LAST!I5)*('AVG TARGET'!I4/PX_LAST!I4)-1 -> #VALUE! | ... AEY5: =('AVG TARGET'!AEY5/PX_LAST!AEY5)*('AVG TARGET'!AEY4/PX_LAST!AEY4)-1 -> 0.65545524
A6: 41298 | B6: =('AVG TARGET'!B6/PX_LAST!B6)*('AVG TARGET'!B5/PX_LAST!B5)-1 -> 0.23000151 | C6: =('AVG TARGET'!C6/PX_LAST!C6)*('AVG TARGET'!C5/PX_LAST!C5)-1 -> #VALUE! | D6: =('AVG TARGET'!D6/PX_LAST!D6)*('AVG TARGET'!D5/PX_LAST!D5)-1 -> #VALUE! | E6: =('AVG TARGET'!E6/PX_LAST!E6)*('AVG TARGET'!E5/PX_LAST!E5)-1 -> 0.3897645 | F6: =('AVG TARGET'!F6/PX_LAST!F6)*('AVG TARGET'!F5/PX_LAST!F5)-1 -> #VALUE! | G6: =('AVG TARGET'!G6/PX_LAST!G6)*('AVG TARGET'!G5/PX_LAST!G5)-1 -> 0.77906802 | H6: =('AVG TARGET'!H6/PX_LAST!H6)*('AVG TARGET'!H5/PX_LAST!H5)-1 -> #VALUE! | I6: =('AVG TARGET'!I6/PX_LAST!I6)*('AVG TARGET'!I5/PX_LAST!I5)-1 -> #VALUE! | ... AEY6: =('AVG TARGET'!AEY6/PX_LAST!AEY6)*('AVG TARGET'!AEY5/PX_LAST!AEY5)-1 -> 0.56373624
A7: 41388 | B7: =('AVG TARGET'!B7/PX_LAST!B7)*('AVG TARGET'!B6/PX_LAST!B6)-1 -> 0.17975495 | C7: =('AVG TARGET'!C7/PX_LAST!C7)*('AVG TARGET'!C6/PX_LAST!C6)-1 -> #VALUE! | D7: =('AVG TARGET'!D7/PX_LAST!D7)*('AVG TARGET'!D6/PX_LAST!D6)-1 -> #VALUE! | E7: =('AVG TARGET'!E7/PX_LAST!E7)*('AVG TARGET'!E6/PX_LAST!E6)-1 -> 0.17855302 | F7: =('AVG TARGET'!F7/PX_LAST!F7)*('AVG TARGET'!F6/PX_LAST!F6)-1 -> #VALUE! | G7: =('AVG TARGET'!G7/PX_LAST!G7)*('AVG TARGET'!G6/PX_LAST!G6)-1 -> 0.8736216 | H7: =('AVG TARGET'!H7/PX_LAST!H7)*('AVG TARGET'!H6/PX_LAST!H6)-1 -> #VALUE! | I7: =('AVG TARGET'!I7/PX_LAST!I7)*('AVG TARGET'!I6/PX_LAST!I6)-1 -> 0.0086748669 | ... AEY7: =('AVG TARGET'!AEY7/PX_LAST!AEY7)*('AVG TARGET'!AEY6/PX_LAST!AEY6)-1 -> 0.38282503
A8: 41478 | B8: =('AVG TARGET'!B8/PX_LAST!B8)*('AVG TARGET'!B7/PX_LAST!B7)-1 -> 0.15845359 | C8: =('AVG TARGET'!C8/PX_LAST!C8)*('AVG TARGET'!C7/PX_LAST!C7)-1 -> #VALUE! | D8: =('AVG TARGET'!D8/PX_LAST!D8)*('AVG TARGET'!D7/PX_LAST!D7)-1 -> #VALUE! | E8: =('AVG TARGET'!E8/PX_LAST!E8)*('AVG TARGET'!E7/PX_LAST!E7)-1 -> 0.15762287 | F8: =('AVG TARGET'!F8/PX_LAST!F8)*('AVG TARGET'!F7/PX_LAST!F7)-1 -> #VALUE! | G8: =('AVG TARGET'!G8/PX_LAST!G8)*('AVG TARGET'!G7/PX_LAST!G7)-1 -> 0.68378341 | H8: =('AVG TARGET'!H8/PX_LAST!H8)*('AVG TARGET'!H7/PX_LAST!H7)-1 -> #VALUE! | I8: =('AVG TARGET'!I8/PX_LAST!I8)*('AVG TARGET'!I7/PX_LAST!I7)-1 -> 0.077188851 | ... AEY8: =('AVG TARGET'!AEY8/PX_LAST!AEY8)*('AVG TARGET'!AEY7/PX_LAST!AEY7)-1 -> 0.25851424
A9: 41568 | B9: =('AVG TARGET'!B9/PX_LAST!B9)*('AVG TARGET'!B8/PX_LAST!B8)-1 -> 0.14203877 | C9: =('AVG TARGET'!C9/PX_LAST!C9)*('AVG TARGET'!C8/PX_LAST!C8)-1 -> #VALUE! | D9: =('AVG TARGET'!D9/PX_LAST!D9)*('AVG TARGET'!D8/PX_LAST!D8)-1 -> #VALUE! | E9: =('AVG TARGET'!E9/PX_LAST!E9)*('AVG TARGET'!E8/PX_LAST!E8)-1 -> 0.15534068 | F9: =('AVG TARGET'!F9/PX_LAST!F9)*('AVG TARGET'!F8/PX_LAST!F8)-1 -> #VALUE! | G9: =('AVG TARGET'!G9/PX_LAST!G9)*('AVG TARGET'!G8/PX_LAST!G8)-1 -> 0.33103509 | H9: =('AVG TARGET'!H9/PX_LAST!H9)*('AVG TARGET'!H8/PX_LAST!H8)-1 -> #VALUE! | I9: =('AVG TARGET'!I9/PX_LAST!I9)*('AVG TARGET'!I8/PX_LAST!I8)-1 -> 0.13060726 | ... AEY9: =('AVG TARGET'!AEY9/PX_LAST!AEY9)*('AVG TARGET'!AEY8/PX_LAST!AEY8)-1 -> 0.049069607
A10: 41660 | B10: =('AVG TARGET'!B10/PX_LAST!B10)*('AVG TARGET'!B9/PX_LAST!B9)-1 -> 0.15230449 | C10: =('AVG TARGET'!C10/PX_LAST!C10)*('AVG TARGET'!C9/PX_LAST!C9)-1 -> #VALUE! | D10: =('AVG TARGET'!D10/PX_LAST!D10)*('AVG TARGET'!D9/PX_LAST!D9)-1 -> #VALUE! | E10: =('AVG TARGET'!E10/PX_LAST!E10)*('AVG TARGET'!E9/PX_LAST!E9)-1 -> 0.14580864 | F10: =('AVG TARGET'!F10/PX_LAST!F10)*('AVG TARGET'!F9/PX_LAST!F9)-1 -> #VALUE! | G10: =('AVG TARGET'!G10/PX_LAST!G10)*('AVG TARGET'!G9/PX_LAST!G9)-1 -> 0.16704793 | H10: =('AVG TARGET'!H10/PX_LAST!H10)*('AVG TARGET'!H9/PX_LAST!H9)-1 -> #VALUE! | I10: =('AVG TARGET'!I10/PX_LAST!I10)*('AVG TARGET'!I9/PX_LAST!I9)-1 -> 0.18831437 | ... AEY10: =('AVG TARGET'!AEY10/PX_LAST!AEY10)*('AVG TARGET'!AEY9/PX_LAST!AEY9)-1 -> 0.06597681
A11: 41750 | B11: =('AVG TARGET'!B11/PX_LAST!B11)*('AVG TARGET'!B10/PX_LAST!B10)-1 -> 0.1771984 | C11: =('AVG TARGET'!C11/PX_LAST!C11)*('AVG TARGET'!C10/PX_LAST!C10)-1 -> #VALUE! | D11: =('AVG TARGET'!D11/PX_LAST!D11)*('AVG TARGET'!D10/PX_LAST!D10)-1 -> #VALUE! | E11: =('AVG TARGET'!E11/PX_LAST!E11)*('AVG TARGET'!E10/PX_LAST!E10)-1 -> 0.21131135 | F11: =('AVG TARGET'!F11/PX_LAST!F11)*('AVG TARGET'!F10/PX_LAST!F10)-1 -> #VALUE! | G11: =('AVG TARGET'!G11/PX_LAST!G11)*('AVG TARGET'!G10/PX_LAST!G10)-1 -> 0.24515455 | H11: =('AVG TARGET'!H11/PX_LAST!H11)*('AVG TARGET'!H10/PX_LAST!H10)-1 -> #VALUE! | I11: =('AVG TARGET'!I11/PX_LAST!I11)*('AVG TARGET'!I10/PX_LAST!I10)-1 -> 0.27626118 | ... AEY11: =('AVG TARGET'!AEY11/PX_LAST!AEY11)*('AVG TARGET'!AEY10/PX_LAST!AEY10)-1 -> 0.20630135
A12: 41838 | B12: =('AVG TARGET'!B12/PX_LAST!B12)*('AVG TARGET'!B11/PX_LAST!B11)-1 -> 0.18265842 | C12: =('AVG TARGET'!C12/PX_LAST!C12)*('AVG TARGET'!C11/PX_LAST!C11)-1 -> #VALUE! | D12: =('AVG TARGET'!D12/PX_LAST!D12)*('AVG TARGET'!D11/PX_LAST!D11)-1 -> #VALUE! | E12: =('AVG TARGET'!E12/PX_LAST!E12)*('AVG TARGET'!E11/PX_LAST!E11)-1 -> 0.32523135 | F12: =('AVG TARGET'!F12/PX_LAST!F12)*('AVG TARGET'!F11/PX_LAST!F11)-1 -> #VALUE! | G12: =('AVG TARGET'!G12/PX_LAST!G12)*('AVG TARGET'!G11/PX_LAST!G11)-1 -> 0.21289242 | H12: =('AVG TARGET'!H12/PX_LAST!H12)*('AVG TARGET'!H11/PX_LAST!H11)-1 -> #VALUE! | I12: =('AVG TARGET'!I12/PX_LAST!I12)*('AVG TARGET'!I11/PX_LAST!I11)-1 -> 0.30350523 | ... AEY12: =('AVG TARGET'!AEY12/PX_LAST!AEY12)*('AVG TARGET'!AEY11/PX_LAST!AEY11)-1 -> 0.22153153
A13: 41928 | B13: =('AVG TARGET'!B13/PX_LAST!B13)*('AVG TARGET'!B12/PX_LAST!B12)-1 -> 0.26701544 | C13: =('AVG TARGET'!C13/PX_LAST!C13)*('AVG TARGET'!C12/PX_LAST!C12)-1 -> #VALUE! | D13: =('AVG TARGET'!D13/PX_LAST!D13)*('AVG TARGET'!D12/PX_LAST!D12)-1 -> #VALUE! | E13: =('AVG TARGET'!E13/PX_LAST!E13)*('AVG TARGET'!E12/PX_LAST!E12)-1 -> 0.40620931 | F13: =('AVG TARGET'!F13/PX_LAST!F13)*('AVG TARGET'!F12/PX_LAST!F12)-1 -> #VALUE! | G13: =('AVG TARGET'!G13/PX_LAST!G13)*('AVG TARGET'!G12/PX_LAST!G12)-1 -> 0.25693786 | H13: =('AVG TARGET'!H13/PX_LAST!H13)*('AVG TARGET'!H12/PX_LAST!H12)-1 -> #VALUE! | I13: =('AVG TARGET'!I13/PX_LAST!I13)*('AVG TARGET'!I12/PX_LAST!I12)-1 -> 0.46204516 | ... AEY13: =('AVG TARGET'!AEY13/PX_LAST!AEY13)*('AVG TARGET'!AEY12/PX_LAST!AEY12)-1 -> 0.68972149
A14: 42018 | B14: =('AVG TARGET'!B14/PX_LAST!B14)*('AVG TARGET'!B13/PX_LAST!B13)-1 -> 0.29652318 | C14: =('AVG TARGET'!C14/PX_LAST!C14)*('AVG TARGET'!C13/PX_LAST!C13)-1 -> #VALUE! | D14: =('AVG TARGET'!D14/PX_LAST!D14)*('AVG TARGET'!D13/PX_LAST!D13)-1 -> #VALUE! | E14: =('AVG TARGET'!E14/PX_LAST!E14)*('AVG TARGET'!E13/PX_LAST!E13)-1 -> 0.39871925 | F14: =('AVG TARGET'!F14/PX_LAST!F14)*('AVG TARGET'!F13/PX_LAST!F13)-1 -> #VALUE! | G14: =('AVG TARGET'!G14/PX_LAST!G14)*('AVG TARGET'!G13/PX_LAST!G13)-1 -> 0.30513998 | H14: =('AVG TARGET'!H14/PX_LAST!H14)*('AVG TARGET'!H13/PX_LAST!H13)-1 -> #VALUE! | I14: =('AVG TARGET'!I14/PX_LAST!I14)*('AVG TARGET'!I13/PX_LAST!I13)-1 -> 0.44299318 | ... AEY14: =('AVG TARGET'!AEY14/PX_LAST!AEY14)*('AVG TARGET'!AEY13/PX_LAST!AEY13)-1 -> 1.0142122
... A57: 45930 | B57: =('AVG TARGET'!B57/PX_LAST!B57)*('AVG TARGET'!B56/PX_LAST!B56)-1 -> 0.17491682 | C57: =('AVG TARGET'!C57/PX_LAST!C57)*('AVG TARGET'!C56/PX_LAST!C56)-1 -> #VALUE! | D57: =('AVG TARGET'!D57/PX_LAST!D57)*('AVG TARGET'!D56/PX_LAST!D56)-1 -> #VALUE! | E57: =('AVG TARGET'!E57/PX_LAST!E57)*('AVG TARGET'!E56/PX_LAST!E56)-1 -> 0.25652671 | F57: =('AVG TARGET'!F57/PX_LAST!F57)*('AVG TARGET'!F56/PX_LAST!F56)-1 -> #VALUE! | G57: =('AVG TARGET'!G57/PX_LAST!G57)*('AVG TARGET'!G56/PX_LAST!G56)-1 -> 0.072356002 | H57: =('AVG TARGET'!H57/PX_LAST!H57)*('AVG TARGET'!H56/PX_LAST!H56)-1 -> #VALUE! | I57: =('AVG TARGET'!I57/PX_LAST!I57)*('AVG TARGET'!I56/PX_LAST!I56)-1 -> 0.13699056 | ... AEY57: =('AVG TARGET'!AEY57/PX_LAST!AEY57)*('AVG TARGET'!AEY56/PX_LAST!AEY56)-1 -> #VALUE!
A58: =+A57+90 -> 46020 | B58: =('AVG TARGET'!B58/PX_LAST!B58)*('AVG TARGET'!B57/PX_LAST!B57)-1 -> 0.26371656 | C58: =('AVG TARGET'!C58/PX_LAST!C58)*('AVG TARGET'!C57/PX_LAST!C57)-1 -> #VALUE! | D58: =('AVG TARGET'!D58/PX_LAST!D58)*('AVG TARGET'!D57/PX_LAST!D57)-1 -> #VALUE! | E58: =('AVG TARGET'!E58/PX_LAST!E58)*('AVG TARGET'!E57/PX_LAST!E57)-1 -> 0.33450743 | F58: =('AVG TARGET'!F58/PX_LAST!F58)*('AVG TARGET'!F57/PX_LAST!F57)-1 -> #VALUE! | G58: =('AVG TARGET'!G58/PX_LAST!G58)*('AVG TARGET'!G57/PX_LAST!G57)-1 -> 0.031389779 | H58: =('AVG TARGET'!H58/PX_LAST!H58)*('AVG TARGET'!H57/PX_LAST!H57)-1 -> #VALUE! | I58: =('AVG TARGET'!I58/PX_LAST!I58)*('AVG TARGET'!I57/PX_LAST!I57)-1 -> 0.075788947 | ... AEY58: =('AVG TARGET'!AEY58/PX_LAST!AEY58)*('AVG TARGET'!AEY57/PX_LAST!AEY57)-1 -> #VALUE!
A59: 46099 | B59: =('AVG TARGET'!B59/PX_LAST!B59)*('AVG TARGET'!B58/PX_LAST!B58)-1 -> #VALUE! | C59: =('AVG TARGET'!C59/PX_LAST!C59)*('AVG TARGET'!C58/PX_LAST!C58)-1 -> #VALUE! | D59: =('AVG TARGET'!D59/PX_LAST!D59)*('AVG TARGET'!D58/PX_LAST!D58)-1 -> #VALUE! | E59: =('AVG TARGET'!E59/PX_LAST!E59)*('AVG TARGET'!E58/PX_LAST!E58)-1 -> 0.78267263 | F59: =('AVG TARGET'!F59/PX_LAST!F59)*('AVG TARGET'!F58/PX_LAST!F58)-1 -> #VALUE! | G59: =('AVG TARGET'!G59/PX_LAST!G59)*('AVG TARGET'!G58/PX_LAST!G58)-1 -> 0.27423825 | H59: =('AVG TARGET'!H59/PX_LAST!H59)*('AVG TARGET'!H58/PX_LAST!H58)-1 -> #VALUE! | I59: =('AVG TARGET'!I59/PX_LAST!I59)*('AVG TARGET'!I58/PX_LAST!I58)-1 -> 0.32300131 | ... AEY59: =('AVG TARGET'!AEY59/PX_LAST!AEY59)*('AVG TARGET'!AEY58/PX_LAST!AEY58)-1 -> #VALUE!

Sheet PX_LAST
A1: PX_LAST | B1: SPX Index | C1: 2499073D UN Equity | D1: 9903115D UN Equity | E1: A UN Equity | F1: 9980328D UN Equity | G1: AAPL UW Equity | H1: 9983490D UN Equity | I1: ABBV UN Equity | J1: 9990213D UN Equity | K1: 9991429D UN Equity | L1: ABNB UW Equity | M1: ABT UN Equity | N1: AAL UW Equity | O1: ACGL UW Equity | P1: AAP UN Equity | Q1: ACN UN Equity | R1: ADBE UW Equity | S1: ADI UW Equity | T1: ADM UN Equity | U1: ABMD UW Equity | V1: ADP UW Equity | W1: ADSK UW Equity | X1: AEE UN Equity | Y1: AEP UW Equity | Z1: AES UN Equity | AA1: AFL UN Equity | AB1: AIG UN Equity | AC1: AIZ UN Equity | AD1: AJG UN Equity | AE1: AKAM UW Equity | AF1: ALB UN Equity | AG1: ALGN UW Equity | AH1: ALL UN Equity | AI1: ALLE UN Equity | AJ1: AMAT UW Equity | AK1: AMCR UN Equity | AL1: AMD UW Equity | AM1: ALK UN Equity | AN1: AME UN Equity | AO1: AMGN UW Equity | AP1: AMP UN Equity | AQ1: AMT UN Equity | AR1: AMZN UW Equity | AS1: ALXN UW Equity | AT1: ANET UN Equity | AU1: ANSS UW Equity | AV1: AON UN Equity | AW1: AOS UN Equity | AX1: APA UW Equity | AY1: APD UN Equity | AZ1: APH UN Equity | BA1: APO UN Equity | BB1: APP UW Equity | BC1: APTV UN Equity | BD1: ARE UN Equity | BE1: ATO UN Equity | BF1: ARES UN Equity | BG1: AVB UN Equity | BH1: AVGO UW Equity | BI1: AVY UN Equity | BJ1: AWK UN Equity | BK1: ATVI UW Equity | BL1: AXON UW Equity | BM1: AXP UN Equity | BN1: AZO UN Equity | BO1: BA UN Equity | BP1: BAC UN Equity | BQ1: BALL UN Equity | BR1: BAX UN Equity | BS1: BBY UN Equity | BT1: BDX UN Equity | BU1: BEN UN Equity | BV1: BBWI UN Equity | BW1: BF/B UN Equity | BX1: BG UN Equity | BY1: BIIB UW Equity | BZ1: BK UN Equity | CA1: BKNG UW Equity | CB1: BKR UW Equity | CC1: BLDR UN Equity | CD1: BIO UN Equity | CE1: BLK UN Equity | CF1: BMY UN Equity | CG1: BR UN Equity | CH1: BRK/B UN Equity | CI1: BRO UN Equity | CJ1: BSX UN Equity | CK1: BKR UN Equity | CL1: BWA UN Equity | CM1: BX UN Equity | CN1: BXP UN Equity | CO1: C UN Equity | CP1: CAG UN Equity | CQ1: CAH UN Equity | CR1: CARR UN Equity | CS1: CAT UN Equity | CT1: CB UN Equity | CU1: CBOE UF Equity | CV1: CBRE UN Equity | CW1: CCI UN Equity | CX1: CCL UN Equity | CY1: CDNS UW Equity | CZ1: CDW UW Equity | DA1: CE UN Equity | DB1: CEG UW Equity | DC1: CF UN Equity | DD1: CFG UN Equity | DE1: CHD UN Equity | DF1: CHRW UW Equity | DG1: CERN UW Equity | DH1: CHTR UW Equity | DI1: CI UN Equity | DJ1: CIEN UN Equity | DK1: CINF UW Equity | DL1: CL UN Equity | DM1: CLX UN Equity | DN1: CMCSA UW Equity | DO1: CME UW Equity | DP1: CMG UN Equity | DQ1: CMA UN Equity | DR1: CMI UN Equity | DS1: CMS UN Equity | DT1: CNC UN Equity | DU1: CNP UN Equity | DV1: COF UN Equity | DW1: COO UW Equity | DX1: COIN UW Equity | DY1: COP UN Equity | DZ1: COR UN Equity | EA1: COST UW Equity | EB1: COO UN Equity | EC1: CPAY UN Equity | ED1: CPB UW Equity | EE1: CPRT UW Equity | EF1: CPT UN Equity | EG1: CRL UN Equity | EH1: CPB UN Equity | EI1: CRM UN Equity | EJ1: CRH UN Equity | EK1: CRWD UW Equity | EL1: CSCO UW Equity | EM1: CSGP UW Equity | EN1: CSX UW Equity | EO1: CTAS UW Equity | EP1: CTRA UN Equity | EQ1: CTLT UN Equity | ER1: CTSH UW Equity | ES1: CTVA UN Equity | ET1: CVS UN Equity | EU1: CVX UN Equity | EV1: CTXS UW Equity | EW1: CZR UW Equity | EX1: CVNA UN Equity | EY1: D UN Equity | EZ1: DAL UN Equity | FA1: DAY UN Equity | FB1: DD UN Equity | FC1: DE UN Equity | FD1: DASH UW Equity | FE1: DECK UN Equity | FF1: DFS UN Equity | FG1: DELL UN Equity | FH1: DDOG UW Equity | FI1: DG UN Equity | FJ1: DGX UN Equity | FK1: DHI UN Equity | FL1: DHR UN Equity | FM1: DIS UN Equity | FN1: DISCA UW Equity | FO1: DISCK UW Equity | FP1: DLR UN Equity | FQ1: DISH UW Equity | FR1: DLTR UW Equity | FS1: DOC UN Equity | FT1: DOV UN Equity | FU1: DOW UN Equity | FV1: DPZ UW Equity | FW1: DOC US Equity | FX1: DRI UN Equity | FY1: DPZ UN Equity | FZ1: DTE UN Equity | GA1: DRE UN Equity | GB1: DUK UN Equity | GC1: DVA UN Equity | GD1: DVN UN Equity | GE1: DXCM UW Equity | GF1: EA UW Equity | GG1: EBAY UW Equity | GH1: DXC UN Equity | GI1: ECL UN Equity | GJ1: ED UN Equity | GK1: EFX UN Equity | GL1: EG UN Equity | GM1: EIX UN Equity | GN1: EL UN Equity | GO1: ELV UN Equity | GP1: EMN UN Equity | GQ1: EMR UN Equity | GR1: ENPH UQ Equity | GS1: EME UN Equity | GT1: EOG UN Equity | GU1: EPAM UN Equity | GV1: EQIX UW Equity | GW1: EQR UN Equity | GX1: EQT UN Equity | GY1: ERIE UW Equity | GZ1: ES UN Equity | HA1: ESS UN Equity | HB1: ETN UN Equity | HC1: ETR UN Equity | HD1: EVRG UW Equity | HE1: ETSY UW Equity | HF1: EW UN Equity | HG1: EVRG UN Equity | HH1: EXC UW Equity | HI1: EXPD UN Equity | HJ1: EXPE UW Equity | HK1: EXE UW Equity | HL1: EXPD UW Equity | HM1: EXR UN Equity | HN1: F UN Equity | HO1: FANG UW Equity | HP1: FAST UW Equity | HQ1: FCX UN Equity | HR1: FDS UN Equity | HS1: FBIN UN Equity | HT1: FDX UN Equity | HU1: FE UN Equity | HV1: FFIV UW Equity | HW1: FICO UN Equity | HX1: FIS UN Equity | HY1: FISV UN Equity | HZ1: FISV UW Equity | IA1: FITB UW Equity | IB1: FMC UN Equity | IC1: FLIR UW Equity | ID1: FOX UW Equity | IE1: FLS UN Equity | IF1: FOXA UW Equity | IG1: FIX UN Equity | IH1: FRT UN Equity | II1: FSLR UW Equity | IJ1: FTNT UW Equity | IK1: FRCB UN Equity | IL1: FTV UN Equity | IM1: GD UN Equity | IN1: GDDY UN Equity | IO1: GE UN Equity | IP1: GAP UN Equity | IQ1: GEHC UW Equity | IR1: GEN UW Equity | IS1: GEV UN Equity | IT1: GILD UW Equity | IU1: GIS UN Equity | IV1: GL UN Equity | IW1: GLW UN Equity | IX1: GM UN Equity | IY1: GNRC UN Equity | IZ1: GOOG UW Equity | JA1: GOOGL UW Equity | JB1: GPC UN Equity | JC1: GPN UN Equity | JD1: GRMN UW Equity | JE1: GRMN UN Equity | JF1: GS UN Equity | JG1: GWW UN Equity | JH1: HAL UN Equity | JI1: HAS UW Equity | JJ1: HBAN UW Equity | JK1: HBI UN Equity | JL1: HCA UN Equity | JM1: HD UN Equity | JN1: HES UN Equity | JO1: HIG UN Equity | JP1: HFC UN Equity | JQ1: HII UN Equity | JR1: HLT UN Equity | JS1: HOLX UW Equity | JT1: HON UW Equity | JU1: HPE UN Equity | JV1: HON UN Equity | JW1: HPQ UN Equity | JX1: HOOD UW Equity | JY1: HRL UN Equity | JZ1: HSIC UW Equity | KA1: HST UW Equity | KB1: HSY UN Equity | KC1: HUBB UN Equity | KD1: HUM UN Equity | KE1: HWM UN Equity | KF1: IBM UN Equity | KG1: ICE UN Equity | KH1: IDXX UW Equity | KI1: IBKR UW Equity | KJ1: IEX UN Equity | KK1: IFF UN Equity | KL1: INCY UW Equity | KM1: ILMN UW Equity | KN1: INTC UW Equity | KO1: INTU UW Equity | KP1: INVH UN Equity | KQ1: IP UN Equity | KR1: IPG UN Equity | KS1: IQV UN Equity | KT1: IPGP UW Equity | KU1: IR UN Equity | KV1: IRM UN Equity | KW1: ISRG UW Equity | KX1: IT UN Equity | KY1: ITW UN Equity | KZ1: IVZ UN Equity | LA1: J UN Equity | LB1: JBHT UW Equity | LC1: JBL UN Equity | LD1: JCI UN Equity | LE1: JKHY UW Equity | LF1: JNJ UN Equity | LG1: JNPR UN Equity | LH1: JPM UN Equity | LI1: K UN Equity | LJ1: KEY UN Equity | LK1: KDP UW Equity | LL1: KEYS UN Equity | LM1: KHC UW Equity | LN1: KIM UN Equity | LO1: KLAC UW Equity | LP1: KMB UN Equity | LQ1: KKR UN Equity | LR1: KMI UN Equity | LS1: KMX UN Equity | LT1: KMB UW Equity | LU1: KO UN Equity | LV1: KR UN Equity | LW1: KSU UN Equity | LX1: L UN Equity | LY1: KVUE UN Equity | LZ1: LDOS UN Equity | MA1: LEG UN Equity | MB1: LEN UN Equity | MC1: LHX UN Equity | MD1: LIN UN Equity | ME1: LH UN Equity | MF1: LKQ UW Equity | MG1: LLY UN Equity | MH1: LII UN Equity | MI1: LMT UN Equity | MJ1: LIN UW Equity | MK1: LNC UN Equity | ML1: LNT UW Equity | MM1: LOW UN Equity | MN1: LRCX UW Equity | MO1: LUMN UN Equity | MP1: LUV UN Equity | MQ1: LULU UW Equity | MR1: LVS UN Equity | MS1: LW UN Equity | MT1: LYB UN Equity | MU1: LYV UN Equity | MV1: MA UN Equity | MW1: MAA UN Equity | MX1: MAR UW Equity | MY1: MAS UN Equity | MZ1: MCD UN Equity | NA1: MCHP UW Equity | NB1: MCK UN Equity | NC1: MCO UN Equity | ND1: MDLZ UW Equity | NE1: MDT UN Equity | NF1: MET UN Equity | NG1: META UW Equity | NH1: MGM UN Equity | NI1: MHK UN Equity | NJ1: MKC UN Equity | NK1: MKTX UW Equity | NL1: MLM UN Equity | NM1: MMM UN Equity | NN1: MNST UW Equity | NO1: MO UN Equity | NP1: MOH UN Equity | NQ1: MOS UN Equity | NR1: MPC UN Equity | NS1: MPWR UW Equity | NT1: MRK UN Equity | NU1: MRNA UW Equity | NV1: MRO UN Equity | NW1: MRSH UN Equity | NX1: MS UN Equity | NY1: MSCI UN Equity | NZ1: MSFT UW Equity | OA1: MSI UN Equity | OB1: MTB UN Equity | OC1: MTCH UW Equity | OD1: MTD UN Equity | OE1: MU UW Equity | OF1: MXIM UW Equity | OG1: NCLH UN Equity | OH1: NDAQ UW Equity | OI1: NDSN UW Equity | OJ1: NEE UN Equity | OK1: NEM UN Equity | OL1: NFLX UW Equity | OM1: NI UN Equity | ON1: NKE UN Equity | OO1: NLSN UN Equity | OP1: NOC UN Equity | OQ1: NOW UN Equity | OR1: NOV UN Equity | OS1: NRG UN Equity | OT1: NSC UN Equity | OU1: NTAP UW Equity | OV1: NTRS UW Equity | OW1: NUE UN Equity | OX1: NVDA UW Equity | OY1: NVR UN Equity | OZ1: NWS UW Equity | PA1: NWSA UW Equity | PB1: NWL UW Equity | PC1: NXPI UW Equity | PD1: O UN Equity | PE1: ODFL UW Equity | PF1: OKE UN Equity | PG1: OMC UN Equity | PH1: ON UW Equity | PI1: ORCL UN Equity | PJ1: OGN UN Equity | PK1: ORLY UW Equity | PL1: OTIS UN Equity | PM1: OXY UN Equity | PN1: PANW UW Equity | PO1: PARA UW Equity | PP1: PAYC UN Equity | PQ1: PAYX UW Equity | PR1: PCAR UW Equity | PS1: PBCT UW Equity | PT1: PCG UN Equity | PU1: PEG UN Equity | PV1: PEP UW Equity | PW1: PFE UN Equity | PX1: PFG UW Equity | PY1: PG UN Equity | PZ1: PENN UW Equity | QA1: PGR UN Equity | QB1: PH UN Equity | QC1: PHM UN Equity | QD1: PKG UN Equity | QE1: PLD UN Equity | QF1: PLTR UW Equity | QG1: PM UN Equity | QH1: PNC UN Equity | QI1: PNR UN Equity | QJ1: PNW UN Equity | QK1: POOL UW Equity | QL1: PODD UW Equity | QM1: PPG UN Equity | QN1: PPL UN Equity | QO1: PRGO UN Equity | QP1: PRU UN Equity | QQ1: PSA UN Equity | QR1: PSX UN Equity | QS1: PSKY UW Equity | QT1: PVH UN Equity | QU1: PWR UN Equity | QV1: PTC UW Equity | QW1: PXD UN Equity | QX1: PYPL UW Equity | QY1: QCOM UW Equity | QZ1: Q UN Equity | RA1: QRVO UW Equity | RB1: RCL UN Equity | RC1: REG UW Equity | RD1: REGN UW Equity | RE1: RF UN Equity | RF1: RHI UN Equity | RG1: RJF UN Equity | RH1: RL UN Equity | RI1: RMD UN Equity | RJ1: ROK UN Equity | RK1: ROL UN Equity | RL1: ROP UW Equity | RM1: ROP UN Equity | RN1: ROST UW Equity | RO1: RSG UN Equity | RP1: RTX UN Equity | RQ1: RVTY UN Equity | RR1: SBAC UW Equity | RS1: SBUX UW Equity | RT1: SCHW UN Equity | RU1: SHW UN Equity | RV1: SEE UN Equity | RW1: SJM UN Equity | RX1: SLB UN Equity | RY1: SIVBQ UW Equity | RZ1: SBNY UW Equity | SA1: SMCI UW Equity | SB1: SNA UN Equity | SC1: SEDG UW Equity | SD1: SNDK UW Equity | SE1: SLG UN Equity | SF1: SNPS UW Equity | SG1: SO UN Equity | SH1: SOLV UN Equity | SI1: SPG UN Equity | SJ1: SPGI UN Equity | SK1: SRE UN Equity | SL1: STE UN Equity | SM1: STLD UW Equity | SN1: STT UN Equity | SO1: STX UW Equity | SP1: STZ UN Equity | SQ1: SWK UN Equity | SR1: SW UN Equity | SS1: SWKS UW Equity | ST1: SYF UN Equity | SU1: SYK UN Equity | SV1: SYY UN Equity | SW1: T UN Equity | SX1: TAP UN Equity | SY1: TDG UN Equity | SZ1: TDY UN Equity | TA1: TER UW Equity | TB1: TFC UN Equity | TC1: TECH UW Equity | TD1: TFX UN Equity | TE1: TEL UN Equity | TF1: TGT UN Equity | TG1: TJX UN Equity | TH1: TMO UN Equity | TI1: TMUS UW Equity | TJ1: TPR UN Equity | TK1: TKO UN Equity | TL1: TRMB UW Equity | TM1: TROW UW Equity | TN1: TRV UN Equity | TO1: TPL UN Equity | TP1: TSCO UW Equity | TQ1: TSLA UW Equity | TR1: TRGP UN Equity | TS1: TSN UN Equity | TT1: TT UN Equity | TU1: TTWO UW Equity | TV1: TWTR UN Equity | TW1: TXN UW Equity | TX1: TXT UN Equity | TY1: TYL UN Equity | TZ1: UA UN Equity | UA1: TTD UQ Equity | UB1: UAA UN Equity | UC1: UAL UW Equity | UD1: UDR UN Equity | UE1: UHS UN Equity | UF1: ULTA UW Equity | UG1: UNH UN Equity | UH1: UBER UN Equity | UI1: UNM UN Equity | UJ1: UNP UN Equity | UK1: UPS UN Equity | UL1: URI UN Equity | UM1: USB UN Equity | UN1: V UN Equity | UO1: VAR UN Equity | UP1: VFC UN Equity | UQ1: VLO UN Equity | UR1: VMC UN Equity | US1: VICI UN Equity | UT1: VNO UN Equity | UU1: VNT UN Equity | UV1: VLTO UN Equity | UW1: VRSK UW Equity | UX1: VRSN UW Equity | UY1: VRTX UW Equity | UZ1: VTR UN Equity | VA1: VTRS UW Equity | VB1: VST UN Equity | VC1: VZ UN Equity | VD1: WAB UN Equity | VE1: WAT UN Equity | VF1: WBA UW Equity | VG1: WDC UW Equity | VH1: WBD UW Equity | VI1: WEC UN Equity | VJ1: WELL UN Equity | VK1: WDAY UW Equity | VL1: WFC UN Equity | VM1: WHR UN Equity | VN1: WM UN Equity | VO1: WMB UN Equity | VP1: WMT UN Equity | VQ1: WRB UN Equity | VR1: WRK UN Equity | VS1: WMT UW Equity | VT1: WST UN Equity | VU1: WTW UW Equity | VV1: WSM UN Equity | VW1: WU UN Equity | VX1: WY UN Equity | VY1: WYNN UW Equity | VZ1: XEL UW Equity | WA1: XLNX UW Equity | WB1: XOM UN Equity | WC1: XRAY UW Equity | WD1: XYL UN Equity | WE1: XRX UN Equity | WF1: YUM UN Equity | WG1: XYZ UN Equity | WH1: ZBH UN Equity | WI1: ZBRA UW Equity | WJ1: ZION UW Equity | WK1: ZTS UN Equity | WL1: 0848680D UN Equity | WM1: 1284849D UN Equity | WN1: 1436513D UN Equity | WO1: 1518855D US Equity | WP1: 1831877D UN Equity | WQ1: 1927294D UN Equity | WR1: 2078185D UN Equity | WS1: 0867887D UN Equity | WT1: 1255459D UW Equity | WU1: 1288453D UW Equity | WV1: 1500785D UN Equity | WW1: 1697067D UN Equity | WX1: 1856613D UN Equity | WY1: 0961514D UN Equity | WZ1: 1431816D UW Equity | XA1: 1715651D UN Equity | XB1: 1922150D UN Equity | XC1: 2370058D UN Equity | XD1: 1086832D UN Equity | XE1: 1448062D UW Equity | XF1: 1539941D UN Equity | XG1: 1806854D UN Equity | XH1: 2499073D UW Equity | XI1: 1566019D UN Equity | XJ1: 2616271D UN Equity | XK1: 1280712D UW Equity | XL1: 2326248D UW Equity | XM1: 1431816D UN Equity | XN1: 1541931D UW Equity | XO1: 1684442D UN Equity | XP1: 2558202D UW Equity | XQ1: 1683997D UW Equity | XR1: 1752754D UN Equity | XS1: 2258717D UN Equity | XT1: 2619871D UW Equity | XU1: 2544554D UW Equity | XV1: 1858968D UN Equity | XW1: 2557974D UN Equity | XX1: 2596482D UN Equity | XY1: AEP UN Equity | XZ1: 2071296D UN Equity | YA1: 2558202D UN Equity | YB1: 2584271D UN Equity | YC1: AGN UN Equity | YD1: 1996074D UN Equity | YE1: 2596516D UN Equity | YF1: AIV UN Equity | YG1: AA UN Equity | YH1: 9876549D UN Equity | YI1: AET UN Equity | YJ1: 9876566D UN Equity | YK1: 9876544D UN Equity | YL1: AMG UN Equity | YM1: AMD UR Equity | YN1: APA UN Equity | YO1: ADI UN Equity | YP1: ANDV UN Equity | YQ1: AN UN Equity | YR1: AYI UN Equity | YS1: ARG UN Equity | YT1: AMD UN Equity | YU1: BFH UN Equity | YV1: BBBYQ UW Equity | YW1: BHF UW Equity | YX1: ANF UN Equity | YY1: ATI UN Equity | YZ1: ANRZQ UN Equity | ZA1: BCR UN Equity | ZB1: AVP UN Equity | ZC1: APOL UW Equity | ZD1: BHI UN Equity | ZE1: CBOE UW Equity | ZF1: BXLT UN Equity | ZG1: CELG UW Equity | ZH1: BRCM UW Equity | ZI1: BMS UN Equity | ZJ1: BIGGQ UN Equity | ZK1: BMC UW Equity | ZL1: CCEP UN Equity | ZM1: CHKAQ UN Equity | ZN1: BTUUQ UN Equity | ZO1: COTY UN Equity | ZP1: CBE UN Equity | ZQ1: COL UN Equity | ZR1: CPRI UN Equity | ZS1: CFN UN Equity | ZT1: CLF UN Equity | ZU1: CNX UN Equity | ZV1: CSRA UN Equity | ZW1: CPGX UN Equity | ZX1: CXO UN Equity | ZY1: CSX UN Equity | ZZ1: CVC UN Equity | AAA1: COV UN Equity | AAB1: CPPRQ UN Equity | AAC1: CVH UN Equity | AAD1: DOFSQ UN Equity | AAE1: DNRCQ UN Equity | AAF1: CVSA UN Equity | AAG1: DFODQ UN Equity | AAH1: ETFC UW Equity | AAI1: ENDPQ UW Equity | AAJ1: ESRX UW Equity | AAK1: EVHC UN Equity | AAL1: EXC UN Equity | AAM1: FDO UN Equity | AAN1: FL UN Equity | AAO1: FLR UN Equity | AAP1: FTI UN Equity | AAQ1: FTRCQ UW Equity | AAR1: FOSL UW Equity | AAS1: FHN UN Equity | AAT1: GAS UN Equity | AAU1: GGP UN Equity | AAV1: FHI UN Equity | AAW1: GME UN Equity | AAX1: GHC UN Equity | AAY1: GMCR UW Equity | AAZ1: GT UW Equity | ABA1: GNW UN Equity | ABB1: HAR UN Equity | ABC1: HOG UN Equity | ABD1: HP UN Equity | ABE1: HCBK UW Equity | ABF1: HRB UN Equity | ABG1: GR UN Equity | ABH1: HOT UN Equity | ABI1: GT UN Equity | ABJ1: HST UN Equity | ABK1: HNZ UN Equity | ABL1: HSP UN Equity | ABM1: HSH UN Equity | ABN1: JEF UN Equity | ABO1: JWN UN Equity | ABP1: JOY UN Equity | ABQ1: KDP UN Equity | ABR1: KSS UN Equity | ABS1: KRFT UW Equity | ABT1: LLTC UW Equity | ABU1: LM UN Equity | ABV1: LNT UN Equity | ABW1: LO UN Equity | ABX1: LVLT UN Equity | ABY1: M UN Equity | ABZ1: MAC UN Equity | ACA1: MAT UW Equity | ACB1: LXK UN Equity | ACC1: MAR UN Equity | ACD1: MJN UN Equity | ACE1: MNKKQ UN Equity | ACF1: MDLZ UN Equity | ACG1: MHS UN Equity | ACH1: MOLX UW Equity | ACI1: MUR UN Equity | ACJ1: MYL UW Equity | ACK1: NAVI UW Equity | ACL1: NBL UN Equity | ACM1: MWV UN Equity | ACN1: NBR UN Equity | ACO1: NFX UN Equity | ACP1: NEBLQ UN Equity | ACQ1: NBL UW Equity | ACR1: NKTR UW Equity | ACS1: NWL UN Equity | ACT1: OI UN Equity | ACU1: PARA UN Equity | ACV1: ORCL UW Equity | ACW1: PBI UN Equity | ACX1: PDCO UW Equity | ACY1: PCP UN Equity | ACZ1: PEP UN Equity | ADA1: PFG UN Equity | ADB1: PETM UW Equity | ADC1: PRGO UW Equity | ADD1: R UN Equity | ADE1: RAI UN Equity | ADF1: QEP UN Equity | ADG1: REG UN Equity | ADH1: RDC UN Equity | ADI1: RHT UN Equity | ADJ1: RIG UN Equity | ADK1: RRC UN Equity | ADL1: RRD UW Equity | ADM1: RTN UN Equity | ADN1: SCG UN Equity | ADO1: SIG UN Equity | ADP1: SHLDQ UW Equity | ADQ1: SIAL UW Equity | ADR1: SLM UW Equity | ADS1: SRCL UW Equity | ADT1: STJ UN Equity | ADU1: SVU UN Equity | ADV1: SWN UN Equity | ADW1: SWY UN Equity | ADX1: TDC UN Equity | ADY1: TFCF UW Equity | ADZ1: TEG UN Equity | AEA1: TFCFA UW Equity | AEB1: TER UN Equity | AEC1: TGNA UN Equity | AED1: THC UN Equity | AEE1: TNL UN Equity | AEF1: TIE UN Equity | AEG1: TRIP UW Equity | AEH1: TMUS UN Equity | AEI1: TSS UN Equity | AEJ1: TWC UN Equity | AEK1: TWX UN Equity | AEL1: UAL UN Equity | AEM1: URBN UW Equity | AEN1: VALPQ UN Equity | AEO1: VIAB UW Equity | AEP1: VIAV UW Equity | AEQ1: WBA UN Equity | AER1: WDC UN Equity | AES1: WFM UW Equity | AET1: WCG UN Equity | AEU1: WINMQ UW Equity | AEV1: WPX UN Equity | AEW1: X UN Equity | AEX1: XEL UN Equity | AEY1: XEC UN Equity
A2: 40935 | B2: 1316.33 | C2: #N/A N/A | D2: 187.49 | E2: 30.5199 | F2: 78.451 | G2: 15.9743 | H2: 34.3 | I2: #N/A N/A | J2: 45.19 | K2: 22.7488 | L2: #N/A N/A | M2: 26.3256 | N2: #N/A N/A | O2: 12.0533 | P2: 75.35 | Q2: 56.42 | R2: 31.05 | S2: #N/A N/A | T2: 29.82 | U2: 17.65 | V2: 48.548 | W2: 36.6 | X2: 31.61 | Y2: #N/A N/A | Z2: 12.81 | AA2: 24.52 | AB2: 25.25 | AC2: 39.86 | AD2: 33.39 | AE2: 32.01 | AF2: 63.25 | AG2: 25.55 | AH2: 29.09 | AI2: #N/A N/A | AJ2: 12.23 | AK2: #N/A N/A | AL2: #N/A N/A | AM2: 18.64 | AN2: 31.0333 | AO2: 68.33 | AP2: 53.67 | AQ2: 63.01 | AR2: 9.769 | AS2: 75.47 | AT2: #N/A N/A | AU2: 61.44 | AV2: 48.14 | AW2: 10.5675 | AX2: #N/A N/A | AY2: 81.532 | AZ2: 6.8013 | BA2: 15.11 | BB2: #N/A N/A | BC2: 22.7488 | BD2: 72.59 | BE2: 32.34 | BF2: #N/A N/A | BG2: 135.42 | BH2: 3.398 | BI2: 28.78 | BJ2: 33.47 | BK2: 12.14 | BL2: 4.7 | BM2: 49.85 | BN2: 347.58 | BO2: 74.55 | BP2: 7.29 | BQ2: 19.72 | BR2: 30.3518 | BS2: 25.44 | BT2: 61.712 | BU2: 35.4867 | BV2: 33.5073 | BW2: 21.7067 | BX2: 57.83 | BY2: 109.206 | BZ2: 20.23 | CA2: 525.71 | CB2: #N/A N/A | CC2: #N/A N/A | CD2: 104.75 | CE2: 187.49 | CF2: 32.29 | CG2: 24.01 | CH2: 79.42 | CI2: 11.57 | CJ2: 5.93 | CK2: 49.31 | CL2: 32.8621 | CM2: 15.275 | CN2: 104.24 | CO2: 30.87 | CP2: 20.7844 | CQ2: 42.34 | CR2: #N/A N/A | CS2: 111.28 | CT2: 69.46 | CU2: 25.56 | CV2: 19.07 | CW2: 48.72 | CX2: 30.48 | CY2: 10.67 | CZ2: #N/A N/A | DA2: 49.56 | DB2: #N/A N/A | DC2: 35.918 | DD2: #N/A N/A | DE2: 22.765 | DF2: 68.52 | DG2: 30.245 | DH2: 63.714 | DI2: 45.18 | DJ2: #N/A N/A | DK2: 32.93 | DL2: 45.2 | DM2: 68.56 | DN2: 12.3334 | DO2: 48.176 | DP2: 7.335 | DQ2: 28.02 | DR2: 106.5 | DS2: 22.09 | DT2: 11.07 | DU2: 18.23 | DV2: 46.05 | DW2: #N/A N/A | DX2: #N/A N/A | DY2: 52.905 | DZ2: 38.98 | EA2: 81.63 | EB2: 18.0325 | EC2: 34.11 | ED2: #N/A N/A | EE2: 2.9713 | EF2: 64.59 | EG2: 33.62 | EH2: 31.44 | EI2: 29.15 | EJ2: 20.25 | EK2: #N/A N/A | EL2: 19.56 | EM2: 6.03 | EN2: #N/A N/A | EO2: 9.368 | EP2: 16.44 | EQ2: #N/A N/A | ER2: 35.665 | ES2: #N/A N/A | ET2: 42.26 | EU2: 103.96 | EV2: 51.8703 | EW2: #N/A N/A | EX2: #N/A N/A | EY2: 49.56 | EZ2: 10.39 | FA2: #N/A N/A | FB2: 19.9116 | FC2: 87.99 | FD2: #N/A N/A | FE2: #N/A N/A | FF2: 27.14 | FG2: #N/A N/A | FH2: #N/A N/A | FI2: 42.09 | FJ2: 59 | FK2: 14.39 | FL2: 35.1087 | FM2: 39.25 | FN2: 22.3084 | FO2: 19.595 | FP2: 70.02 | FQ2: 27.53 | FR2: 42.325 | FS2: 38.1625 | FT2: 42.6457 | FU2: #N/A N/A | FV2: #N/A N/A | FW2: 38.1625 | FX2: 41.306 | FY2: 32.31 | FZ2: 45.6055 | GA2: 13.51 | GB2: 63.5401 | GC2: 40.575 | GD2: 65.01 | GE2: 2.7625 | GF2: 18.13 | GG2: 13.405 | GH2: #N/A N/A | GI2: 60.51 | GJ2: 58.89 | GK2: 39.32 | GL2: 85.15 | GM2: 41.06 | GN2: 57.98 | GO2: 65.42 | GP2: 50.41 | GQ2: 51.67 | GR2: #N/A N/A | GS2: 28.94 | GT2: 52.06 | GU2: #N/A N/A | GV2: 120.95 | GW2: 59.63 | GX2: 26.553 | GY2: 75.69 | GZ2: 34.73 | HA2: 144.26 | HB2: 49.57 | HC2: 35.31 | HD2: #N/A N/A | HE2: #N/A N/A | HF2: 13.197 | HG2: 28.76 | HH2: #N/A N/A | HI2: #N/A N/A | HJ2: 31.8 | HK2: #N/A N/A | HL2: 44.5 | HM2: 25.87 | HN2: 12.21 | HO2: #N/A N/A | HP2: 11.6725 | HQ2: 46.13 | HR2: 91.35 | HS2: 15.3401 | HT2: 92.95 | HU2: 42.26 | HV2: 120.16 | HW2: 36.01 | HX2: 28.55 | HY2: #N/A N/A | HZ2: 15.7625 | IA2: 13.23 | IB2: 40.2792 | IC2: 25.96 | ID2: #N/A N/A | IE2: 36.3733 | IF2: #N/A N/A | IG2: 12.25 | IH2: 95.15 | II2: 45.54 | IJ2: 4.556 | IK2: 29.97 | IL2: #N/A N/A | IM2: 70.35 | IN2: #N/A N/A | IO2: 91.0747 | IP2: 18.93 | IQ2: #N/A N/A | IR2: 17.08 | IS2: #N/A N/A | IT2: 24.36 | IU2: 40.03 | IV2: 30.5 | IW2: 12.62 | IX2: 24.37 | IY2: 29.87 | IZ2: #N/A N/A | JA2: 14.513 | JB2: 64.37 | JC2: 25.11 | JD2: 41.36 | JE2: #N/A N/A | JF2: 111.77 | JG2: 193.18 | JH2: 37.1 | JI2: 35.06 | JJ2: 5.7 | JK2: 6.09 | JL2: 25.72 | JM2: 44.87 | JN2: 55.26 | JO2: 17.57 | JP2: 29.74 | JQ2: 37.28 | JR2: #N/A N/A | JS2: 19.38 | JT2: #N/A N/A | JU2: #N/A N/A | JV2: 52.2648 | JW2: 12.6577 | JX2: #N/A N/A | JY2: 14.515 | JZ2: 27.829 | KA2: #N/A N/A | KB2: 61.24 | KC2: 72.33 | KD2: 88.26 | KE2: #N/A N/A | KF2: 181.9205 | KG2: 23.29 | KH2: 41.73 | KI2: 3.825 | KJ2: 39.96 | KK2: 56.94 | KL2: 17.94 | KM2: 50.205 | KN2: 26.75 | KO2: 57.35 | KP2: #N/A N/A | KQ2: 28.9196 | KR2: 10.2 | KS2: #N/A N/A | KT2: 52.96 | KU2: #N/A N/A | KV2: 26.6015 | KW2: 51 | KX2: 37.95 | KY2: 52.77 | KZ2: 22.99 | LA2: 37.3465 | LB2: 50.81 | LC2: 22.8 | LD2: 22.6531 | LE2: 34.41 | LF2: 65.56 | LG2: 21.69 | LH2: 37.21 | LI2: 46.6632 | LJ2: 8.01 | LK2: #N/A N/A | LL2: #N/A N/A | LM2: #N/A N/A | LN2: 18.36 | LO2: 52.3 | LP2: 68.1733 | LQ2: 13.83 | LR2: 32.38 | LS2: 31.43 | LT2: #N/A N/A | LU2: 33.72 | LV2: 12.15 | LW2: 68.6 | LX2: 37.63 | LY2: #N/A N/A | LZ2: 35.006 | MA2: 22.67 | MB2: 21.371 | MC2: 39.7 | MD2: 105.79 | ME2: 78.4505 | MF2: 16.34 | MG2: 39.2 | MH2: 37.62 | MI2: 82.02 | MJ2: #N/A N/A | MK2: 20.98 | ML2: #N/A N/A | MM2: 26.91 | MN2: 4.31 | MO2: 37.26 | MP2: 9.62 | MQ2: 64.13 | MR2: 49.52 | MS2: #N/A N/A | MT2: 41.23 | MU2: 10.4 | MV2: 34.879 | MW2: 64.06 | MX2: #N/A N/A | MY2: 10.8367 | MZ2: 98.69 | NA2: 18.3925 | NB2: 79.31 | NC2: 37.66 | ND2: #N/A N/A | NE2: 39.28 | NF2: 31.6531 | NG2: #N/A N/A | NH2: 13.19 | NI2: 63.45 | NJ2: 25.205 | NK2: 31.14 | NL2: 81.62 | NM2: 73.123 | NN2: 8.961 | NO2: 28.14 | NP2: 29.6 | NQ2: 56.56 | NR2: 18.765 | NS2: 16.69 | NT2: 36.7298 | NU2: #N/A N/A | NV2: 31.24 | NW2: 31.77 | NX2: 18.56 | NY2: 32.86 | NZ2: 29.23 | OA2: 45.8 | OB2: 80.11 | OC2: #N/A N/A | OD2: 176.41 | OE2: 7.43 | OF2: 27.38 | OG2: #N/A N/A | OH2: 8.6633 | OI2: 46.11 | OJ2: 14.98 | OK2: 61.51 | OL2: 1.768 | OM2: 22.9 | ON2: 25.5275 | OO2: 29.18 | OP2: 58.71 | OQ2: #N/A N/A | OR2: 69.754 | OS2: 16.68 | OT2: 73.94 | OU2: 37.27 | OV2: 41.67 | OW2: 44.5 | OX2: 0.3728 | OY2: 698.26 | OZ2: #N/A N/A | PA2: #N/A N/A | PB2: #N/A N/A | PC2: 21.77 | PD2: 35.4524 | PE2: 9.3533 | PF2: 37.2507 | PG2: 46.52 | PH2: 8.86 | PI2: #N/A N/A | PJ2: #N/A N/A | PK2: 5.504 | PL2: #N/A N/A | PM2: 96.1644 | PN2: #N/A N/A | PO2: #N/A N/A | PP2: #N/A N/A | PQ2: 32.19 | PR2: 29.7267 | PS2: 12.72 | PT2: 40.83 | PU2: 30.33 | PV2: #N/A N/A | PW2: 20.3619 | PX2: #N/A N/A | PY2: 64.3 | PZ2: 9.4488 | QA2: 20.43 | QB2: 81.5 | QC2: 7.79 | QD2: 28.28 | QE2: 32.52 | QF2: #N/A N/A | QG2: 75.46 | QH2: 59.08 | QI2: 24.6381 | QJ2: 48.2 | QK2: 34.35 | QL2: 19.83 | QM2: 44.53 | QN2: 25.7966 | QO2: #N/A N/A | QP2: 57.22 | QQ2: 137.52 | QR2: #N/A N/A | QS2: #N/A N/A | QT2: 76.7 | QU2: 21.67 | QV2: 25.8 | QW2: 97.42 | QX2: #N/A N/A | QY2: 57.79 | QZ2: #N/A N/A | RA2: #N/A N/A | RB2: 27.69 | RC2: #N/A N/A | RD2: 85.54 | RE2: 5.31 | RF2: 27.75 | RG2: 23.0067 | RH2: 151.52 | RI2: 30.06 | RJ2: 76.9 | RK2: 6.4474 | RL2: #N/A N/A | RM2: 94.37 | RN2: 25.54 | RO2: 28.95 | RP2: 45.781 | RQ2: 23.99 | RR2: 45.82 | RS2: 23.925 | RT2: 11.67 | RU2: 32.4 | RV2: 19.9 | RW2: 78.59 | RX2: 76.66 | RY2: 56.56 | RZ2: 58.39 | SA2: 1.707 | SB2: 56.76 | SC2: #N/A N/A | SD2: #N/A N/A | SE2: 78.458 | SF2: 29.23 | SG2: 45.02 | SH2: #N/A N/A | SI2: 128.521 | SJ2: 46.9 | SK2: 28.835 | SL2: 30.06 | SM2: 16.1 | SN2: 39.06 | SO2: 20.77 | SP2: 20.92 | SQ2: 71.84 | SR2: #N/A N/A | SS2: 22 | ST2: #N/A N/A | SU2: 54.9 | SV2: 30.3 | SW2: 22.0093 | SX2: 42.88 | SY2: 101.36 | SZ2: 55.4 | TA2: #N/A N/A | TB2: 26.95 | TC2: 17.493 | TD2: 61.5 | TE2: 34.3 | TF2: 50.05 | TG2: 16.8425 | TH2: 52.46 | TI2: #N/A N/A | TJ2: 68.47 | TK2: 9.71 | TL2: 23.235 | TM2: 59.82 | TN2: 58.05 | TO2: 4.78 | TP2: 8.042 | TQ2: 1.954 | TR2: 41.32 | TS2: 18.8 | TT2: 21.7717 | TU2: 15.63 | TV2: #N/A N/A | TW2: 32.61 | TX2: 25.21 | TY2: 35.3 | TZ2: #N/A N/A | UA2: #N/A N/A | UB2: 9.9338 | UC2: #N/A N/A | UD2: 26.01 | UE2: 41.82 | UF2: 77.31 | UG2: 51.02 | UH2: #N/A N/A | UI2: 22.92 | UJ2: 57.45 | UK2: 76.04 | UL2: 38.43 | UM2: 27.86 | UN2: 25.2625 | UO2: 58.5254 | UP2: 30.7811 | UQ2: 22.0329 | UR2: 43.45 | US2: #N/A N/A | UT2: 59.303 | UU2: #N/A N/A | UV2: #N/A N/A | UW2: 40.26 | UX2: 36.32 | UY2: 35.95 | UZ2: 51.5126 | VA2: 21.04 | VB2: #N/A N/A | VC2: 37.21 | VD2: 36.06 | VE2: 86.82 | VF2: #N/A N/A | VG2: #N/A N/A | VH2: #N/A N/A | VI2: 34.25 | VJ2: 57.25 | VK2: #N/A N/A | VL2: 29.6 | VM2: 54.6 | VN2: 34.81 | VO2: 28.55 | VP2: 20.2367 | VQ2: 10.1778 | VR2: #N/A N/A | VS2: #N/A N/A | VT2: 20.295 | VU2: #N/A N/A | VV2: 17.56 | VW2: 19.16 | VX2: 20.47 | VY2: 119.07 | VZ2: #N/A N/A | WA2: 35.99 | WB2: 85.83 | WC2: 38.07 | WD2: 25.81 | WE2: 20.7606 | WF2: 45.1925 | WG2: #N/A N/A | WH2: 58.6924 | WI2: 37.91 | WJ2: 16.9 | WK2: #N/A N/A | WL2: 2.17 | WM2: 88.82 | WN2: 31.66 | WO2: 15.74 | WP2: 20.3 | WQ2: 67.0501 | WR2: 63.49 | WS2: 38.93 | WT2: 48.55 | WU2: 53.765 | WV2: 18.36 | WW2: 33.46 | WX2: 80.53 | WY2: 54.07 | WZ2: #N/A N/A | XA2: 48.182 | XB2: 105.79 | XC2: 20.61 | XD2: 38.37 | XE2: 44.36 | XF2: 31.63 | XG2: 82.66 | XH2: #N/A N/A | XI2: #N/A N/A | XJ2: 79.32 | XK2: 47.67 | XL2: 25.42 | XM2: 7.74 | XN2: 40.23 | XO2: 59.06 | XP2: #N/A N/A | XQ2: 16.74 | XR2: 52.77 | XS2: 25.83 | XT2: 16.01 | XU2: 46.7 | XV2: 31.78 | XW2: 19.81 | XX2: 53.45 | XY2: 39.95 | XZ2: 27.57 | YA2: 44.58 | YB2: 40.47 | YC2: 59.74 | YD2: 26.54 | YE2: 15.0357 | YF2: 4.2678 | YG2: 23.3586 | YH2: 29.18 | YI2: 43.43 | YJ2: 67.42 | YK2: 16.09 | YL2: 102.17 | YM2: #N/A N/A | YN2: 98 | YO2: 39.36 | YP2: 25.47 | YQ2: 36.5 | YR2: 58.22 | YS2: 78.67 | YT2: 6.82 | YU2: 88.061 | YV2: 62.54 | YW2: #N/A N/A | YX2: 47.23 | YY2: 46.7 | YZ2: 21.65 | ZA2: 93.32 | ZB2: 18.36 | ZC2: 54.46 | ZD2: 49.31 | ZE2: 25.58 | ZF2: #N/A N/A | ZG2: 36.68 | ZH2: 35.05 | ZI2: 31.58 | ZJ2: 40 | ZK2: 35.49 | ZL2: 26.99 | ZM2: 4171.3176 | ZN2: 542.0973 | ZO2: #N/A N/A | ZP2: 59.25 | ZQ2: 58.23 | ZR2: 29.85 | ZS2: 23.9 | ZT2: 73.06 | ZU2: 30.4106 | ZV2: #N/A N/A | ZW2: #N/A N/A | ZX2: 106.6 | ZY2: 7.5867 | ZZ2: 14.39 | AAA2: 47.0189 | AAB2: 41.42 | AAC2: 29.73 | AAD2: 62.76 | AAE2: 18.57 | AAF2: 37.57 | AAG2: 10.0541 | AAH2: 8.19 | AAI2: 37.73 | AAJ2: 51.44 | AAK2: #N/A N/A | AAL2: 28.2018 | AAM2: 55.68 | AAN2: 26.44 | AAO2: 57.23 | AAP2: 39.2669 | AAQ2: 64.3497 | AAR2: 95.99 | AAS2: 8.79 | AAT2: 41.91 | AAU2: 15.96 | AAV2: 17.6 | AAW2: 6.08 | AAX2: 239.809 | AAY2: 52.49 | AAZ2: #N/A N/A | ABA2: 7.83 | ABB2: 43.6 | ABC2: 44.34 | ABD2: 60.57 | ABE2: 6.83 | ABF2: 16.77 | ABG2: 124.57 | ABH2: 50.3144 | ABI2: 13.5 | ABJ2: 16.52 | ABK2: 51.73 | ABL2: 35.23 | ABM2: 43.8672 | ABN2: 24.6222 | ABO2: 48.55 | ABP2: 93.12 | ABQ2: 38.71 | ABR2: 46.69 | ABS2: #N/A N/A | ABT2: 33.32 | ABU2: 26.02 | ABV2: 21.255 | ABW2: 35.8267 | ABX2: 19.44 | ABY2: 33.82 | ABZ2: 55.01 | ACA2: 29.33 | ACB2: 35.99 | ACC2: 34.57 | ACD2: 74.03 | ACE2: #N/A N/A | ACF2: 25.1702 | ACG2: 62.07 | ACH2: 26.62 | ACI2: 53.0046 | ACJ2: 21.04 | ACK2: #N/A N/A | ACL2: 50.25 | ACM2: 26.8793 | ACN2: 896.5 | ACO2: 39.78 | ACP2: 30.9101 | ACQ2: #N/A N/A | ACR2: 92.0995 | ACS2: 18.82 | ACT2: 24.67 | ACU2: 28.84 | ACV2: 28.41 | ACW2: 19.39 | ACX2: 32.13 | ACY2: 166.52 | ACZ2: 65.81 | ADA2: 27.54 | ADB2: 53.51 | ADC2: 96.07 | ADD2: 57.18 | ADE2: 19.71 | ADF2: 29.22 | ADG2: 41.57 | ADH2: 35.12 | ADI2: 47.5 | ADJ2: 48.13 | ADK2: 57.43 | ADL2: 18.6828 | ADM2: 48.64 | ADN2: 44.95 | ADO2: 46.46 | ADP2: 28.898328 | ADQ2: 68.26 | ADR2: 5.4057 | ADS2: 83.5 | ADT2: 41.27 | ADU2: 49 | ADV2: 32.04 | ADW2: 20.1944 | ADX2: 53.37 | ADY2: 17.2332 | ADZ2: 51.95 | AEA2: 16.6707 | AEB2: 16.95 | AEC2: 7.7963 | AED2: 21.92 | AEE2: 18.0163 | AEF2: 15.95 | AEG2: 31.24 | AEH2: 17.4477 | AEI2: 21.46 | AEJ2: 73.77 | AEK2: 35.9899 | AEL2: 23.09 | AEM2: 26.99 | AEN2: 212.2 | AEO2: 47.82 | AEP2: 7.3 | AEQ2: 34.23 | AER2: 27.9959 | AES2: 37.445 | AET2: 58.32 | AEU2: 97.011166 | AEV2: 16.05 | AEW2: 29.88 | AEX2: 26.98 | AEY2: 57.65
A3: 41026 | B3: 1403.36 | C3: #N/A N/A | D3: 192.5 | E3: 30.4341 | F3: 75.16 | G3: 21.5357 | H3: 36.64 | I3: #N/A N/A | J3: 44.6 | K3: 26.0572 | L3: #N/A N/A | M3: 29.6605 | N3: #N/A N/A | O3: 13.08 | P3: 92.37 | Q3: 65.02 | R3: 33.58 | S3: 38.97 | T3: 31.08 | U3: 24.62 | V3: 48.969 | W3: 39.63 | X3: 32.76 | Y3: #N/A N/A | Z3: 12.45 | AA3: 22.585 | AB3: 34.46 | AC3: 40.64 | AD3: 37.58 | AE3: 33.18 | AF3: 66.23 | AG3: 31.96 | AH3: 33.55 | AI3: #N/A N/A | AJ3: 12.03 | AK3: #N/A N/A | AL3: #N/A N/A | AM3: 17 | AN3: 33.7467 | AO3: 71.64 | AP3: 54.08 | AQ3: 65.1 | AR3: 11.343 | AS3: 90.56 | AT3: #N/A N/A | AU3: 67.33 | AV3: 51.62 | AW3: 12.1775 | AX3: #N/A N/A | AY3: 79.1006 | AZ3: 7.335 | BA3: 13.11 | BB3: #N/A N/A | BC3: 26.0572 | BD3: 74.77 | BE3: 32.41 | BF3: #N/A N/A | BG3: 146.06 | BH3: 3.46 | BI3: 32.39 | BJ3: 34.58 | BK3: 12.83 | BL3: 4.45 | BM3: 60.17 | BN3: 397.13 | BO3: 77.27 | BP3: 8.25 | BQ3: 20.89 | BR3: 29.9281 | BS3: 22.33 | BT3: 60.838 | BU3: 41.95 | BV3: 41.1851 | BW3: 23.0373 | BX3: 64.5 | BY3: 122.654 | BZ3: 23.84 | CA3: 762.13 | CB3: #N/A N/A | CC3: #N/A N/A | CD3: 109.01 | CE3: 192.5 | CF3: 33.32 | CG3: 23.32 | CH3: 80.56 | CI3: 13.61 | CJ3: 6.27 | CK3: 42.91 | CL3: 35.0611 | CM3: 13.0873 | CN3: 107.8 | CO3: 33.5 | CP3: 20.1696 | CQ3: 42.31 | CR3: #N/A N/A | CS3: 104.56 | CT3: 76.36 | CU3: 26.77 | CV3: 19.13 | CW3: 56.61 | CX3: 32.84 | CY3: 11.86 | CZ3: #N/A N/A | DA3: 49.65 | DB3: #N/A N/A | DC3: 39.594 | DD3: #N/A N/A | DE3: 25.095 | DF3: 59.02 | DG3: 38.755 | DH3: 66.821 | DI3: 46.87 | DJ3: #N/A N/A | DK3: 35.8 | DL3: 49.19 | DM3: 69.78 | DN3: 14.1836 | DO3: 53.676 | DP3: 8.388 | DQ3: 32.51 | DR3: 118.29 | DS3: 22.83 | DT3: 10.015 | DU3: 20.05 | DV3: 56.06 | DW3: #N/A N/A | DX3: #N/A N/A | DY3: 54.8718 | DZ3: 36.9 | EA3: 88.69 | EB3: 22.14 | EC3: 40.08 | ED3: #N/A N/A | EE3: 3.3288 | EF3: 68.21 | EG3: 35.41 | EH3: 33.85 | EI3: 39.165 | EJ3: 20.67 | EK3: #N/A N/A | EL3: 19.98 | EM3: 7.317 | EN3: #N/A N/A | EO3: 9.855 | EP3: 16.895 | EQ3: #N/A N/A | ER3: 36.99 | ES3: #N/A N/A | ET3: 44.88 | EU3: 106.2 | EV3: 68.3057 | EW3: #N/A N/A | EX3: #N/A N/A | EY3: 52.07 | EZ3: 10.82 | FA3: #N/A N/A | FB3: 20.6674 | FC3: 82.89 | FD3: #N/A N/A | FE3: #N/A N/A | FF3: 34.09 | FG3: #N/A N/A | FH3: #N/A N/A | FI3: 47.78 | FJ3: 57.53 | FK3: 16.51 | FL3: 36.7412 | FM3: 43.35 | FN3: 28.0401 | FO3: 25.195 | FP3: 74.97 | FQ3: 32.022 | FR3: 50.975 | FS3: 37.6254 | FT3: 42.5184 | FU3: #N/A N/A | FV3: #N/A N/A | FW3: 37.6254 | FX3: 45.1653 | FY3: 37.15 | FZ3: 47.9879 | GA3: 14.73 | GB3: 64.2901 | GC3: 44.585 | GD3: 69.66 | GE3: 2.4925 | GF3: 15.32 | GG3: 17.3528 | GH3: #N/A N/A | GI3: 63.81 | GJ3: 59.31 | GK3: 46.15 | GL3: 99.44 | GM3: 43.81 | GN3: 65.23 | GO3: 68.63 | GP3: 54.05 | GQ3: 52.67 | GR3: 6.75 | GS3: 29.76 | GT3: 54.51 | GU3: 20.09 | GV3: 169.18 | GW3: 61.57 | GX3: 26.0359 | GY3: 76.98 | GZ3: 36.82 | HA3: 158.74 | HB3: 49.07 | HC3: 32.65 | HD3: #N/A N/A | HE3: #N/A N/A | HF3: 13.782 | HG3: 28.66 | HH3: #N/A N/A | HI3: #N/A N/A | HJ3: 40.31 | HK3: #N/A N/A | HL3: 39.9 | HM3: 30.48 | HN3: 11.6 | HO3: #N/A N/A | HP3: 11.9225 | HQ3: 38.13 | HR3: 104.61 | HS3: 19.2542 | HT3: 88.24 | HU3: 47.01 | HV3: 136.11 | HW3: 44.32 | HX3: 33.89 | HY3: #N/A N/A | HZ3: 17.6675 | IA3: 14.39 | IB3: 48.5508 | IC3: 22.87 | ID3: #N/A N/A | IE3: 38.6267 | IF3: #N/A N/A | IG3: 10.82 | IH3: 100.83 | II3: 18.35 | IJ3: 5.244 | IK3: 33.64 | IL3: #N/A N/A | IM3: 67.58 | IN3: #N/A N/A | IO3: 94.664 | IP3: 28.53 | IQ3: #N/A N/A | IR3: 16.48 | IS3: #N/A N/A | IT3: 26.08 | IU3: 38.93 | IV3: 32.7267 | IW3: 14.45 | IX3: 23.53 | IY3: 24.25 | IZ3: #N/A N/A | JA3: 15.389 | JB3: 65.69 | JC3: 23.36 | JD3: 46.81 | JE3: #N/A N/A | JF3: 114.41 | JG3: 212.83 | JH3: 33.24 | JI3: 36.68 | JJ3: 6.73 | JK3: 7.2225 | JL3: 27.23 | JM3: 51.95 | JN3: 51.54 | JO3: 20.77 | JP3: 31.7 | JQ3: 39.44 | JR3: #N/A N/A | JS3: 21.23 | JT3: #N/A N/A | JU3: #N/A N/A | JV3: 54.9736 | JW3: 11.2366 | JX3: #N/A N/A | JY3: 14.51 | JZ3: 30.294 | KA3: #N/A N/A | KB3: 66.75 | KC3: 80.62 | KD3: 87.82 | KE3: #N/A N/A | KF3: 197.5375 | KG3: 26.534 | KH3: 44.1 | KI3: 3.8475 | KJ3: 43.91 | KK3: 60.54 | KL3: 22.94 | KM3: 43.227 | KN3: 28.38 | KO3: 57.98 | KP3: #N/A N/A | KQ3: 31.5987 | KR3: 11.73 | KS3: #N/A N/A | KT3: 49.02 | KU3: #N/A N/A | KV3: 26.2847 | KW3: 65.0906 | KX3: 43.46 | KY3: 58.11 | KZ3: 25.1 | LA3: 36.8589 | LB3: 55.66 | LC3: 23.58 | LD3: 26.5069 | LE3: 34.34 | LF3: 64.84 | LG3: 21.26 | LH3: 43.34 | LI3: 47.2449 | LJ3: 8.11 | LK3: #N/A N/A | LL3: #N/A N/A | LM3: #N/A N/A | LN3: 19.35 | LO3: 52.29 | LP3: 75.4094 | LQ3: 14.4 | LR3: 35.84 | LS3: 31.29 | LT3: #N/A N/A | LU3: 38.315 | LV3: 11.675 | LW3: 78.36 | LX3: 41.01 | LY3: #N/A N/A | LZ3: 33.3535 | MA3: 21.99 | MB3: 27.2509 | MC3: 45.64 | MD3: 116.47 | ME3: 75.1603 | MF3: 16.97 | MG3: 41.3 | MH3: 43.68 | MI3: 91.3 | MJ3: #N/A N/A | MK3: 24.67 | ML3: #N/A N/A | MM3: 31.61 | MN3: 4.207 | MO3: 38.6 | MP3: 8.25 | MQ3: 74.71 | MR3: 55.87 | MS3: #N/A N/A | MT3: 45.73 | MU3: 8.97 | MV3: 45.758 | MW3: 68.37 | MX3: #N/A N/A | MY3: 11.8123 | MZ3: 97.38 | NA3: 17.705 | NB3: 91.05 | NC3: 41.57 | ND3: #N/A N/A | NE3: 37.69 | NF3: 32.3571 | NG3: #N/A N/A | NH3: 13.78 | NI3: 68.05 | NJ3: 27.99 | NK3: 34.75 | NL3: 83.4 | NM3: 74.712 | NN3: 10.922 | NO3: 32.13 | NP3: 26.5 | NQ3: 53 | NR3: 20.645 | NS3: 20.46 | NT3: 36.6726 | NU3: #N/A N/A | NV3: 29.71 | NW3: 33.2 | NX3: 16.95 | NY3: 36.83 | NZ3: 31.98 | OA3: 50.75 | OB3: 87.38 | OC3: #N/A N/A | OD3: 179.04 | OE3: 6.57 | OF3: 29.86 | OG3: #N/A N/A | OH3: 8.38 | OI3: 54.42 | OJ3: 16.135 | OK3: 47.86 | OL3: 1.196 | OM3: 24.49 | ON3: 27.66 | OO3: 29.37 | OP3: 63.75 | OQ3: #N/A N/A | OR3: 68.1228 | OS3: 16.63 | OT3: 73.37 | OU3: 39.03 | OV3: 47.58 | OW3: 39.33 | OX3: 0.3245 | OY3: 796.88 | OZ3: #N/A N/A | PA3: #N/A N/A | PB3: #N/A N/A | PC3: 26.32 | PD3: 38.009 | PE3: 10.0178 | PF3: 37.4214 | PG3: 51.54 | PH3: 8.33 | PI3: #N/A N/A | PJ3: #N/A N/A | PK3: 7.065 | PL3: #N/A N/A | PM3: 88.0013 | PN3: #N/A N/A | PO3: #N/A N/A | PP3: #N/A N/A | PQ3: 31.14 | PR3: 29.1533 | PS3: 12.36 | PT3: 43.88 | PU3: 31.19 | PV3: #N/A N/A | PW3: 21.8787 | PX3: #N/A N/A | PY3: 64.44 | PZ3: 10.2173 | QA3: 21.51 | QB3: 88.99 | QC3: 10.07 | QD3: 29.62 | QE3: 35.4 | QF3: #N/A N/A | QG3: 89.81 | QH3: 66.73 | QI3: 29.3052 | QJ3: 48.21 | QK3: 37.9 | QL3: 18.35 | QM3: 52.83 | QN3: 25.342 | QO3: #N/A N/A | QP3: 61.37 | QQ3: 143.91 | QR3: 34.11 | QS3: #N/A N/A | QT3: 90.06 | QU3: 22.06 | QV3: 22.27 | QW3: 115.64 | QX3: #N/A N/A | QY3: 64.18 | QZ3: #N/A N/A | RA3: #N/A N/A | RB3: 27.99 | RC3: #N/A N/A | RD3: 140.01 | RE3: 6.88 | RF3: 30.61 | RG3: 24.66 | RH3: 173.2 | RI3: 34.11 | RJ3: 78.19 | RK3: 6.3852 | RL3: #N/A N/A | RM3: 102.69 | RN3: 31.11 | RO3: 27.01 | RP3: 48.365 | RQ3: 27.55 | RR3: 53.62 | RS3: 28.715 | RT3: 14.31 | RU3: 40.33 | RV3: 19.24 | RW3: 79.37 | RX3: 73.95 | RY3: 65.7 | RZ3: 66.56 | SA3: 1.803 | SB3: 63.55 | SC3: #N/A N/A | SD3: #N/A N/A | SE3: 87.1555 | SF3: 30.32 | SG3: 45.99 | SH3: #N/A N/A | SI3: 146.047 | SJ3: 49.22 | SK3: 32.4 | SL3: 31.52 | SM3: 13.02 | SN3: 46.32 | SO3: 29.58 | SP3: 21.77 | SQ3: 74.44 | SR3: #N/A N/A | SS3: 27.81 | ST3: #N/A N/A | SU3: 54.56 | SV3: 29.06 | SW3: 24.6585 | SX3: 41.49 | SY3: 127.14 | SZ3: 65.73 | TA3: #N/A N/A | TB3: 32.63 | TC3: 16.975 | TD3: 63.08 | TE3: 36.64 | TF3: 58.26 | TG3: 21.23 | TH3: 54.91 | TI3: #N/A N/A | TJ3: 73.91 | TK3: 7.93 | TL3: 27.67 | TM3: 63.23 | TN3: 64.01 | TO3: 6.54 | TP3: 9.948 | TQ3: 2.2227 | TR3: 47.67 | TS3: 18.22 | TT3: 26.3848 | TU3: 14.3 | TV3: #N/A N/A | TW3: 32.17 | TX3: 27.01 | TY3: 41.06 | TZ3: #N/A N/A | UA3: #N/A N/A | UB3: 12.7711 | UC3: #N/A N/A | UD3: 26.48 | UE3: 43.72 | UF3: 89.62 | UG3: 57.91 | UH3: #N/A N/A | UI3: 23.9 | UJ3: 56.945 | UK3: 78.44 | UL3: 46.82 | UM3: 32.43 | UN3: 30.88 | UO3: 56.1433 | UP3: 36.2851 | UQ3: 22.9464 | UR3: 42.36 | US3: #N/A N/A | UT3: 62.9481 | UU3: #N/A N/A | UV3: #N/A N/A | UW3: 49.43 | UX3: 41.7 | UY3: 38.62 | UZ3: 51.8453 | VA3: 22.08 | VB3: #N/A N/A | VC3: 40.23 | VD3: 39.65 | VE3: 83.82 | VF3: #N/A N/A | VG3: #N/A N/A | VH3: #N/A N/A | VI3: 36.59 | VJ3: 56.72 | VK3: #N/A N/A | VL3: 33.77 | VM3: 64.52 | VN3: 34.25 | VO3: 33.63 | VP3: 19.6767 | VQ3: 11.1674 | VR3: #N/A N/A | VS3: #N/A N/A | VT3: 22.19 | VU3: #N/A N/A | VV3: 19.745 | VW3: 18.57 | VX3: 20.85 | VY3: 135.04 | VZ3: #N/A N/A | WA3: 36.5 | WB3: 86.08 | WC3: 41.33 | WD3: 28.38 | WE3: 20.6289 | WF3: 52.721 | WG3: #N/A N/A | WH3: 61.1372 | WI3: 37.65 | WJ3: 20.65 | WK3: #N/A N/A | WL3: 2.36 | WM3: 96.59 | WN3: 32.33 | WO3: 15.57 | WP3: 21.72 | WQ3: 70.4836 | WR3: 69.47 | WS3: 38.71 | WT3: 46.31 | WU3: 65.53 | WV3: 17.94 | WW3: 34.73 | WX3: 77.84 | WY3: 53.15 | WZ3: #N/A N/A | XA3: 51.0319 | XB3: 116.47 | XC3: 24.8 | XD3: 40.91 | XE3: 49.02 | XF3: 30.54 | XG3: 78.81 | XH3: #N/A N/A | XI3: #N/A N/A | XJ3: 73.79 | XK3: 47.11 | XL3: 26.54 | XM3: 7.89 | XN3: 35.56 | XO3: 60.41 | XP3: #N/A N/A | XQ3: 16.44 | XR3: 56.96 | XS3: 28.32 | XT3: 15.76 | XU3: 37.58 | XV3: 34.92 | XW3: 18.81 | XX3: 51.28 | XY3: 38.7 | XZ3: 27.07 | YA3: 50.76 | YB3: 41.89 | YC3: 76.16 | YD3: 29.52 | YE3: 16.3567 | YF3: 4.706 | YG3: 21.8357 | YH3: 29.37 | YI3: 43.52 | YJ3: 73.24 | YK3: 15.79 | YL3: 114.34 | YM3: #N/A N/A | YN3: 94.91 | YO3: #N/A N/A | YP3: 23.57 | YQ3: 34.51 | YR3: 57.45 | YS3: 91.59 | YT3: 7.33 | YU3: 103.918 | YV3: 71.18 | YW3: #N/A N/A | YX3: 50.88 | YY3: 42.3 | YZ3: 15.87 | ZA3: 98.71 | ZB3: 21.57 | ZC3: 35.78 | ZD3: 42.91 | ZE3: 26.76 | ZF3: #N/A N/A | ZG3: 36.69 | ZH3: 36.47 | ZI3: 32.44 | ZJ3: 37.34 | ZK3: 41.06 | ZL3: 29.74 | ZM3: 3352.1881 | ZN3: 452.9977 | ZO3: #N/A N/A | ZP3: 63.37 | ZQ3: 56.27 | ZR3: 45.9 | ZS3: 25.95 | ZT3: 62.15 | ZU3: 27.2578 | ZV3: #N/A N/A | ZW3: #N/A N/A | ZX3: 108.2 | ZY3: 7.4633 | ZZ3: 14.56 | AAA3: 50.339 | AAB3: 36.72 | AAC3: 30.08 | AAD3: 68 | AAE3: 18.69 | AAF3: 32.11 | AAG3: 11.3097 | AAH3: 10.73 | AAI3: 35.83 | AAJ3: 56 | AAK3: #N/A N/A | AAL3: 27.7526 | AAM3: 69 | AAN3: 30.91 | AAO3: 58.77 | AAP3: 34.9742 | AAQ3: 60.8997 | AAR3: 132 | AAS3: 9.24 | AAT3: 39.25 | AAU3: 18.05 | AAV3: 21.67 | AAW3: 5.67 | AAX3: 231.966 | AAY3: 47.9 | AAZ3: #N/A N/A | ABA3: 5.99 | ABB3: 47.26 | ABC3: 52.89 | ABD3: 50.99 | ABE3: 7.16 | ABF3: 14.96 | ABG3: 125.28 | ABH3: 55.7105 | ABI3: 11.32 | ABJ3: 16.79 | ABK3: 53.16 | ABL3: 35.42 | ABM3: 50.6762 | ABN3: 21.8294 | ABO3: 56.05 | ABP3: 71.6 | ABQ3: 39.71 | ABR3: 50.8 | ABS3: #N/A N/A | ABT3: 32.86 | ABU3: 26.23 | ABV3: 22.585 | ABW3: 45.23 | ABX3: 22.82 | ABY3: 41.18 | ABZ3: 61.9 | ACA3: 33.52 | ACB3: 30.14 | ACC3: 39.53 | ACD3: 85.97 | ACE3: #N/A N/A | ACF3: 25.7787 | ACG3: #N/A N/A | ACH3: 27.9 | ACI3: 46.9896 | ACJ3: 22.08 | ACK3: #N/A N/A | ACL3: 50.025 | ACM3: 28.3399 | ACN3: 815 | ACO3: 35.95 | ACP3: 33.1466 | ACQ3: #N/A N/A | ACR3: 118.0494 | ACS3: 18.57 | ACT3: 23.45 | ACU3: 34.33 | ACV3: 29.24 | ACW3: 17.18 | ACX3: 33.99 | ACY3: 177.43 | ACZ3: 66.1 | ADA3: 27.69 | ADB3: 59.02 | ADC3: 106.18 | ADD3: 49.22 | ADE3: 20.29 | ADF3: 30.62 | ADG3: 44.93 | ADH3: 34.68 | ADI3: 60.91 | ADJ3: 49.83 | ADK3: 63.91 | ADL3: 20.8397 | ADM3: 53.91 | ADN3: 46.12 | ADO3: 47.86 | ADP3: 35.634275 | ADQ3: 71.38 | ADR3: 5.3092 | ADS3: 87.64 | ADT3: 38.63 | ADU3: 42.98 | ADV3: 30.51 | ADW3: 18.601 | ADX3: 70.88 | ADY3: 17.5422 | ADZ3: 54.42 | AEA3: 17.2887 | AEB3: 17.39 | AEC3: 7.1868 | AED3: 20.84 | AEE3: 22.8408 | AEF3: 14.7 | AEG3: 36.87 | AEH3: 13.9941 | AEI3: 23.77 | AEJ3: 80.65 | AEK3: 36.498 | AEL3: 22.17 | AEM3: 29.21 | AEN3: 217.48 | AEO3: 47.37 | AEP3: 7.1124 | AEQ3: 35.67 | AER3: 28.6608 | AES3: 41.745 | AET3: 61.35 | AEU3: 91.028811 | AEV3: 17.2 | AEW3: 28.2 | AEX3: 27.07 | AEY3: 69.11
A4: 41117 | B4: 1385.97 | C4: #N/A N/A | D4: 170.67 | E4: 27.1304 | F4: 73.202 | G4: 20.9089 | H4: 33.05 | I4: #N/A N/A | J4: 39.45 | K4: 23.2681 | L4: #N/A N/A | M4: 31.7658 | N4: #N/A N/A | O4: 13.0933 | P4: 69.61 | Q4: 60.43 | R4: 31.91 | S4: 39.37 | T4: 27.54 | U4: 22.08 | V4: 50.5306 | W4: 34.63 | X4: 34.42 | Y4: #N/A N/A | Z4: 11.98 | AA4: 21.745 | AB4: 31.57 | AC4: 35.54 | AD4: 36.21 | AE4: 35.86 | AF4: 58.12 | AG4: 35.82 | AH4: 34.73 | AI4: #N/A N/A | AJ4: 10.9 | AK4: #N/A N/A | AL4: #N/A N/A | AM4: 17.54 | AN4: 31.69 | AO4: 83.92 | AP4: 52.53 | AQ4: 72.33 | AR4: 11.871 | AS4: 108.97 | AT4: #N/A N/A | AU4: 60.35 | AV4: 49.32 | AW4: 12.71 | AX4: #N/A N/A | AY4: 75.1252 | AZ4: 7.4988 | BA4: 13.2 | BB4: #N/A N/A | BC4: 23.2681 | BD4: 72.5 | BE4: 36.02 | BF4: #N/A N/A | BG4: 145.51 | BH4: 3.619 | BI4: 30.87 | BJ4: 36.63 | BK4: 11.98 | BL4: 5.38 | BM4: 58.53 | BN4: 374.79 | BO4: 75.51 | BP4: 7.31 | BQ4: 20.945 | BR4: 32.4325 | BS4: 17.76 | BT4: 59.254 | BU4: 37.4033 | BV4: 38.0816 | BW4: 25.2773 | BX4: 65.37 | BY4: 137.677 | BZ4: 21.39 | CA4: 683.88 | CB4: #N/A N/A | CC4: #N/A N/A | CD4: 95.19 | CE4: 170.67 | CF4: 36.05 | CG4: 21.37 | CH4: 85.2 | CI4: 12.905 | CJ4: 5.22 | CK4: 47.35 | CL4: 29.6076 | CM4: 13.6759 | CN4: 110.79 | CO4: 27.3 | CP4: 18.909 | CQ4: 42.34 | CR4: #N/A N/A | CS4: 86.16 | CT4: 73.56 | CU4: 28.64 | CV4: 16.33 | CW4: 61.69 | CX4: 33.8 | CY4: 12.39 | CZ4: #N/A N/A | DA4: 38.19 | DB4: #N/A N/A | DC4: 40.058 | DD4: #N/A N/A | DE4: 28.84 | DF4: 53.36 | DG4: 36.855 | DH4: 84.439 | DI4: 41.39 | DJ4: #N/A N/A | DK4: 38.05 | DL4: 53.585 | DM4: 73.12 | DN4: 15.1298 | DO4: 52.51 | DP4: 5.922 | DQ4: 30.82 | DR4: 92.62 | DS4: 24.8 | DT4: 9.95 | DU4: 21.19 | DV4: 57.6 | DW4: #N/A N/A | DX4: #N/A N/A | DY4: 54.97 | DZ4: 38.66 | EA4: 97.12 | EB4: 19 | EC4: 37.27 | ED4: #N/A N/A | EE4: 3.0425 | EF4: 70.94 | EG4: 33.75 | EH4: 33.12 | EI4: 32.8725 | EJ4: 19.04 | EK4: #N/A N/A | EL4: 15.7 | EM4: 8.533 | EN4: #N/A N/A | EO4: 9.823 | EP4: 21.015 | EQ4: #N/A N/A | ER4: 29.285 | ES4: #N/A N/A | ET4: 44.94 | EU4: 109.26 | EV4: 61.9991 | EW4: #N/A N/A | EX4: #N/A N/A | EY4: 54.97 | EZ4: 9.42 | FA4: #N/A N/A | FB4: 17.3051 | FC4: 78.1 | FD4: #N/A N/A | FE4: #N/A N/A | FF4: 36.41 | FG4: #N/A N/A | FH4: #N/A N/A | FI4: 50.99 | FJ4: 58.78 | FK4: 18.39 | FL4: 35.4984 | FM4: 49.92 | FN4: 26.5739 | FO4: 24.18 | FP4: 78.06 | FQ4: 30.8467 | FR4: 51.96 | FS4: 42.9419 | FT4: 36.2645 | FU4: #N/A N/A | FV4: #N/A N/A | FW4: 42.9419 | FX4: 46.5532 | FY4: 33.85 | FZ4: 52.0294 | GA4: 14.46 | GB4: 67.45 | GC4: 49.305 | GD4: 58.88 | GE4: 2.9175 | GF4: 11.42 | GG4: 19.0574 | GH4: #N/A N/A | GI4: 67.17 | GJ4: 64.9 | GK4: 47.06 | GL4: 103.34 | GM4: 46.36 | GN4: 54.7 | GO4: 55.12 | GP4: 51.74 | GQ4: 48.03 | GR4: 5.84 | GS4: 26.34 | GT4: 50.505 | GU4: 15.32 | GV4: 186.76 | GW4: 62.98 | GX4: 31.0221 | GY4: 71.81 | GZ4: 39.96 | HA4: 157.26 | HB4: 44.05 | HC4: 36.295 | HD4: #N/A N/A | HE4: #N/A N/A | HF4: 17.532 | HG4: 30.91 | HH4: #N/A N/A | HI4: #N/A N/A | HJ4: 54.9 | HK4: #N/A N/A | HL4: 36.1 | HM4: 32.21 | HN4: 9 | HO4: #N/A N/A | HP4: 11.0625 | HQ4: 33.47 | HR4: 93.65 | HS4: 18.9124 | HT4: 90.89 | HU4: 50.45 | HV4: 97.81 | HW4: 43.19 | HX4: 32.32 | HY4: #N/A N/A | HZ4: 18.095 | IA4: 14.23 | IB4: 47.8879 | IC4: 20.85 | ID4: #N/A N/A | IE4: 38.7033 | IF4: #N/A N/A | IG4: 10.18 | IH4: 107.66 | II4: 14.5 | IJ4: 5.086 | IK4: 32.57 | IL4: #N/A N/A | IM4: 63.83 | IN4: #N/A N/A | IO4: 100.1199 | IP4: 29.91 | IQ4: #N/A N/A | IR4: 15.93 | IS4: #N/A N/A | IT4: 27.75 | IU4: 38.52 | IV4: 33.34 | IW4: 11.53 | IX4: 19.67 | IY4: 22.79 | IZ4: #N/A N/A | JA4: 15.89 | JB4: 64.58 | JC4: 22.165 | JD4: 38.64 | JE4: #N/A N/A | JF4: 101.64 | JG4: 207.76 | JH4: 33.62 | JI4: 36.26 | JJ4: 6.41 | JK4: 7.4325 | JL4: 27.31 | JM4: 53.71 | JN4: 48.36 | JO4: 16.45 | JP4: 36.43 | JQ4: 38.94 | JR4: #N/A N/A | JS4: 18.6 | JT4: #N/A N/A | JU4: #N/A N/A | JV4: 52.9286 | JW4: 8.4264 | JX4: #N/A N/A | JY4: 14.2 | JZ4: 30.635 | KA4: #N/A N/A | KB4: 72.17 | KC4: 83.06 | KD4: 70.52 | KE4: #N/A N/A | KF4: 187.5847 | KG4: 26.85 | KH4: 44.765 | KI4: 3.5375 | KJ4: 38.89 | KK4: 55.43 | KL4: 25.6 | KM4: 41.109 | KN4: 26.02 | KO4: 58.9 | KP4: #N/A N/A | KQ4: 31.1413 | KR4: 10.12 | KS4: #N/A N/A | KT4: 49.97 | KU4: #N/A N/A | KV4: 28.0575 | KW4: 55.4089 | KX4: 44.37 | KY4: 55.27 | KZ4: 22.12 | LA4: 32.6028 | LB4: 55.35 | LC4: 21.22 | LD4: 24.8447 | LE4: 35.28 | LF4: 69.52 | LG4: 17.79 | LH4: 36.89 | LI4: 44.2798 | LJ4: 8.18 | LK4: #N/A N/A | LL4: #N/A N/A | LM4: #N/A N/A | LN4: 19.28 | LO4: 50.98 | LP4: 83.6903 | LQ4: 14.28 | LR4: 35.81 | LS4: 28 | LT4: #N/A N/A | LU4: 40.005 | LV4: 10.935 | LW4: 74.66 | LX4: 41.7 | LY4: #N/A N/A | LZ4: 30.737 | MA4: 22.63 | MB4: 29.1021 | MC4: 42.51 | MD4: 106 | ME4: 73.2016 | MF4: 17.91 | MG4: 44.37 | MH4: 44.61 | MI4: 90.2 | MJ4: #N/A N/A | MK4: 20.32 | ML4: #N/A N/A | MM4: 27.07 | MN4: 3.417 | MO4: 41.33 | MP4: 8.9 | MQ4: 61.58 | MR4: 36.79 | MS4: #N/A N/A | MT4: 44.51 | MU4: 8.85 | MV4: 43.675 | MW4: 69.4 | MX4: #N/A N/A | MY4: 11.6892 | MZ4: 89.19 | NA4: 16.45 | NB4: 91.74 | NC4: 40.91 | ND4: 25.7918 | NE4: 39.03 | NF4: 27.1261 | NG4: 23.7 | NH4: 9.44 | NI4: 71.55 | NJ4: 30.635 | NK4: 31.34 | NL4: 79.42 | NM4: 76.676 | NN4: 11.36 | NO4: 35.84 | NP4: 24.99 | NQ4: 58.73 | NR4: 23.52 | NS4: 18.52 | NT4: 42.985 | NU4: #N/A N/A | NV4: 27.03 | NW4: 33.36 | NX4: 13.49 | NY4: 33.47 | NZ4: 29.78 | OA4: 47.76 | OB4: 86.45 | OC4: #N/A N/A | OD4: 155.79 | OE4: 6.29 | OF4: 27.01 | OG4: #N/A N/A | OH4: 7.7567 | OI4: 52.01 | OJ4: 17.7725 | OK4: 44.53 | OL4: 0.842 | OM4: 25.6 | ON4: 24.2575 | OO4: 28.05 | OP4: 65.8 | OQ4: 5.07 | OR4: 66.3835 | OS4: 19.78 | OT4: 74.69 | OU4: 32.91 | OV4: 46.25 | OW4: 38.48 | OX4: 0.337 | OY4: 779.13 | OZ4: #N/A N/A | PA4: #N/A N/A | PB4: #N/A N/A | PC4: 23.82 | PD4: 39.9845 | PE4: 9.4533 | PF4: 39.6757 | PG4: 50.4 | PH4: 7.06 | PI4: #N/A N/A | PJ4: #N/A N/A | PK4: 5.811 | PL4: #N/A N/A | PM4: 85.0084 | PN4: #N/A N/A | PO4: #N/A N/A | PP4: #N/A N/A | PQ4: 33.11 | PR4: 27.1933 | PS4: 11.64 | PT4: 46.11 | PU4: 33.75 | PV4: #N/A N/A | PW4: 22.5896 | PX4: #N/A N/A | PY4: 65.09 | PZ4: 8.9243 | QA4: 19.78 | QB4: 81.4 | QC4: 12.01 | QD4: 30.77 | QE4: 32.55 | QF4: #N/A N/A | QG4: 90.31 | QH4: 59.56 | QI4: 30.0506 | QJ4: 54.32 | QK4: 37.85 | QL4: 20.48 | QM4: 55.21 | QN4: 27.0679 | QO4: #N/A N/A | QP4: 48.08 | QQ4: 149.37 | QR4: 36.52 | QS4: #N/A N/A | QT4: 80.92 | QU4: 23.14 | QV4: 21.69 | QW4: 92.36 | QX4: #N/A N/A | QY4: 59.35 | QZ4: #N/A N/A | RA4: #N/A N/A | RB4: 24.62 | RC4: #N/A N/A | RD4: 136.9 | RE4: 7.1 | RF4: 27.06 | RG4: 22.72 | RH4: 148.15 | RI4: 31.86 | RJ4: 67.9 | RK4: 7.04 | RL4: #N/A N/A | RM4: 98.59 | RN4: 33.63 | RO4: 28.17 | RP4: 43.811 | RQ4: 25.74 | RR4: 58.83 | RS4: 23.735 | RT4: 12.93 | RU4: 45.08 | RV4: 15.94 | RW4: 76.36 | RX4: 72.96 | RY4: 59.19 | RZ4: 64.88 | SA4: 1.297 | SB4: 70.2 | SC4: #N/A N/A | SD4: #N/A N/A | SE4: 82.6052 | SF4: 31.07 | SG4: 48.42 | SH4: #N/A N/A | SI4: 150.889 | SJ4: 47.03 | SK4: 35.43 | SL4: 30.77 | SM4: 12.64 | SN4: 40.37 | SO4: 30.06 | SP4: 29.02 | SQ4: 68.65 | SR4: #N/A N/A | SS4: 28.13 | ST4: #N/A N/A | SU4: 52.41 | SV4: 29.25 | SW4: 28.0324 | SX4: 42.28 | SY4: 121.63 | SZ4: 63.57 | TA4: #N/A N/A | TB4: 32.4 | TC4: 18.513 | TD4: 61.72 | TE4: 33.05 | TF4: 61.52 | TG4: 22.35 | TH4: 56.1 | TI4: #N/A N/A | TJ4: 62.1 | TK4: 7.86 | TL4: 22.21 | TM4: 61.35 | TN4: 62.72 | TO4: 6.26 | TP4: 9.194 | TQ4: 1.9673 | TR4: 44.51 | TS4: 15.07 | TT4: 26.2672 | TU4: 9.1 | TV4: #N/A N/A | TW4: 27.35 | TX4: 26.4 | TY4: 39.85 | TZ4: #N/A N/A | UA4: #N/A N/A | UB4: 14.242 | UC4: #N/A N/A | UD4: 26.93 | UE4: 40.11 | UF4: 87.38 | UG4: 53.34 | UH4: #N/A N/A | UI4: 18.95 | UJ4: 61.24 | UK4: 76 | UL4: 29.63 | UM4: 33.92 | UN4: 32.285 | UO4: 49.2007 | UP4: 35.3321 | UQ4: 23.8416 | UR4: 39.79 | US4: #N/A N/A | UT4: 61.0084 | UU4: #N/A N/A | UV4: #N/A N/A | UW4: 50.86 | UX4: 45.46 | UY4: 49.33 | UZ4: 58.4924 | VA4: 23.28 | VB4: #N/A N/A | VC4: 44.9 | VD4: 40.515 | VE4: 79.06 | VF4: #N/A N/A | VG4: 30.1645 | VH4: #N/A N/A | VI4: 40.91 | VJ4: 61.83 | VK4: #N/A N/A | VL4: 34.19 | VM4: 68.61 | VN4: 34.15 | VO4: 31.6 | VP4: 24.84 | VQ4: 10.9689 | VR4: #N/A N/A | VS4: #N/A N/A | VT4: 25.355 | VU4: #N/A N/A | VV4: 17.6 | VW4: 17.62 | VX4: 23.59 | VY4: 94.61 | VZ4: #N/A N/A | WA4: 32.93 | WB4: 87.45 | WC4: 37.25 | WD4: 24.2 | WE4: 18.0206 | WF4: 47.9825 | WG4: #N/A N/A | WH4: 57.082 | WI4: 35.89 | WJ4: 18.5 | WK4: #N/A N/A | WL4: 4.31 | WM4: 86.25 | WN4: 25.06 | WO4: 16.11 | WP4: 20.88 | WQ4: 69.86 | WR4: 57.43 | WS4: #N/A N/A | WT4: 44.76 | WU4: 68.16 | WV4: 18.22 | WW4: 29.08 | WX4: 86.88 | WY4: #N/A N/A | WZ4: #N/A N/A | XA4: 47.2226 | XB4: 106 | XC4: 23.78 | XD4: 48 | XE4: 49.41 | XF4: 30.62 | XG4: 72.25 | XH4: #N/A N/A | XI4: #N/A N/A | XJ4: 71.41 | XK4: #N/A N/A | XL4: 24.44 | XM4: 7.15 | XN4: 36.04 | XO4: 53.47 | XP4: #N/A N/A | XQ4: 12.04 | XR4: 63.04 | XS4: 26.55 | XT4: 12.47 | XU4: 42.44 | XV4: 34.04 | XW4: 19.92 | XX4: 51.82 | XY4: 42.42 | XZ4: 26.31 | YA4: 54.79 | YB4: 40.52 | YC4: 79.77 | YD4: #N/A N/A | YE4: 13.9158 | YF4: 4.7112 | YG4: 18.9243 | YH4: 28.05 | YI4: 36.67 | YJ4: 72.32 | YK4: 11.35 | YL4: 108.77 | YM4: #N/A N/A | YN4: 87.57 | YO4: #N/A N/A | YP4: 27.9 | YQ4: 40.12 | YR4: 60.16 | YS4: 78.51 | YT4: 4.09 | YU4: 104.173 | YV4: 63.62 | YW4: #N/A N/A | YX4: 36.75 | YY4: 30.19 | YZ4: 7.02 | ZA4: 99.59 | ZB4: 16.17 | ZC4: 28.39 | ZD4: 47.35 | ZE4: 28.67 | ZF4: #N/A N/A | ZG4: 35.3 | ZH4: 33.74 | ZI4: 30.9 | ZJ4: 41.01 | ZK4: 39.76 | ZL4: 29.7 | ZM4: 3492.1779 | ZN4: 311.9984 | ZO4: #N/A N/A | ZP4: 72.09 | ZQ4: 50.29 | ZR4: 41.33 | ZS4: 24.39 | ZT4: 39.39 | ZU4: 24.5303 | ZV4: #N/A N/A | ZW4: #N/A N/A | ZX4: 86.4 | ZY4: 7.6167 | ZZ4: 15.07 | AAA4: 50.5119 | AAB4: 23 | AAC4: 34.07 | AAD4: 67.19 | AAE4: 15.8 | AAF4: 19.79 | AAG4: 11.4121 | AAH4: 7.53 | AAI4: 29.79 | AAJ4: 57.95 | AAK4: #N/A N/A | AAL4: 28.0734 | AAM4: 66.63 | AAN4: 33.64 | AAO4: 50.58 | AAP4: 34.8552 | AAQ4: 55.7997 | AAR4: 76.78 | AAS4: 8.22 | AAT4: 40.58 | AAU4: 18.1 | AAV4: 19.97 | AAW4: 4.035 | AAX4: 208.124 | AAY4: 18.04 | AAZ4: #N/A N/A | ABA4: 5.07 | ABB4: 40.89 | ABC4: 44.64 | ABD4: 48.59 | ABE4: 6.03 | ABF4: 16.21 | ABG4: #N/A N/A | ABH4: 50.009 | ABI4: 10.57 | ABJ4: 14.76 | ABK4: 55.27 | ABL4: 35.08 | ABM4: 25.54 | ABN4: 19.4455 | ABO4: 54.4 | ABP4: 53.01 | ABQ4: 45.59 | ABR4: 49.27 | ABS4: #N/A N/A | ABT4: 32.49 | ABU4: 24.86 | ABV4: 23.47 | ABW4: 42.4833 | ABX4: 18.7 | ABY4: 36.54 | ABZ4: 58.36 | ACA4: 35.28 | ACB4: 17.33 | ACC4: 36.89 | ACD4: 72.02 | ACE4: #N/A N/A | ACF4: #N/A N/A | ACG4: #N/A N/A | ACH4: 25.3 | ACI4: 46.8601 | ACJ4: 23.28 | ACK4: #N/A N/A | ACL4: 44.775 | ACM4: 28.7 | ACN4: 717.5 | ACO4: 31.24 | ACP4: 32.8583 | ACQ4: #N/A N/A | ACR4: 137.8493 | ACS4: 18.09 | ACT4: 17.97 | ACU4: 33.57 | ACV4: 30.77 | ACW4: 13.03 | ACX4: 35.24 | ACY4: 158.19 | ACZ4: 72.26 | ADA4: 24.98 | ADB4: 68.19 | ADC4: 116.01 | ADD4: 39.39 | ADE4: 23.075 | ADF4: 29.36 | ADG4: 47.31 | ADH4: 35.79 | ADI4: 55.81 | ADJ4: 47.35 | ADK4: 62.69 | ADL4: 19.4126 | ADM4: 55.67 | ADN4: 49.46 | ADO4: 44.9 | ADP4: 34.007678 | ADQ4: 70.83 | ADR4: 5.7558 | ADS4: 94.52 | ADT4: 37.53 | ADU4: 13.93 | ADV4: 33.01 | ADW4: 13.7136 | ADX4: 68.26 | ADY4: 20.7999 | ADZ4: 60.8 | AEA4: 20.6352 | AEB4: 14.97 | AEC4: 7.3661 | AED4: 19.28 | AEE4: 23.5945 | AEF4: 11.74 | AEG4: 35.41 | AEH4: 18.0466 | AEI4: 23.62 | AEJ4: 84.47 | AEK4: 37.3704 | AEL4: 19.06 | AEM4: 30.97 | AEN4: 217.88 | AEO4: 46.78 | AEP4: 5.6626 | AEQ4: 35.72 | AER4: #N/A N/A | AES4: 46.295 | AET4: 65.96 | AEU4: 78.74073 | AEV4: 15.15 | AEW4: 19.08 | AEX4: 29.45 | AEY4: 58.21
A5: 41207 | B5: 1412.97 | C5: #N/A N/A | D5: 187.12 | E5: 25.8218 | F5: 73.554 | G5: 21.7786 | H5: 32.07 | I5: #N/A N/A | J5: 38.88 | K5: 26.3253 | L5: #N/A N/A | M5: 31.474 | N5: #N/A N/A | O5: 14.9 | P5: 67.9 | Q5: 66.66 | R5: 33.4 | S5: 38.69 | T5: 26.99 | U5: 18.93 | V5: 51.0833 | W5: 32.1 | X5: 32.59 | Y5: #N/A N/A | Z5: 10.45 | AA5: 25.015 | AB5: 34.98 | AC5: 38.02 | AD5: 35.29 | AE5: 38.54 | AF5: 55.09 | AG5: 26.49 | AH5: 40.51 | AI5: #N/A N/A | AJ5: 10.68 | AK5: #N/A N/A | AL5: #N/A N/A | AM5: 19.085 | AN5: 35.5 | AO5: 88.05 | AP5: 59 | AQ5: 73.32 | AR5: 11.378 | AS5: 96.45 | AT5: #N/A N/A | AU5: 69.04 | AV5: 52.35 | AW5: 14.81 | AX5: #N/A N/A | AY5: 71.8617 | AZ5: 7.5125 | BA5: 15.19 | BB5: #N/A N/A | BC5: 26.3253 | BD5: 71.1 | BE5: 35.65 | BF5: #N/A N/A | BG5: 133.92 | BH5: 3.37 | BI5: 32.46 | BJ5: 36.76 | BK5: 11.06 | BL5: 6.39 | BM5: 55.44 | BN5: 367.78 | BO5: 71.54 | BP5: 9.24 | BQ5: 21.25 | BR5: 33.3669 | BS5: 15.17 | BT5: 58.747 | BU5: 42.11 | BV5: 39.011 | BW5: 25.58 | BX5: 70.18 | BY5: 133.035 | BZ5: 24.76 | CA5: 557.87 | CB5: #N/A N/A | CC5: #N/A N/A | CD5: 100.84 | CE5: 187.12 | CF5: 33.73 | CG5: 22.75 | CH5: 87.15 | CI5: 12.655 | CJ5: 5.12 | CK5: 43.42 | CL5: 28.4377 | CM5: 15.0494 | CN5: 107.35 | CO5: 37.41 | CP5: 22.0372 | CQ5: 40.89 | CR5: #N/A N/A | CS5: 83.53 | CT5: 80.01 | CU5: 29.03 | CV5: 18.24 | CW5: 66.05 | CX5: 38.66 | CY5: 12.73 | CZ5: #N/A N/A | DA5: 37.99 | DB5: #N/A N/A | DC5: 40.722 | DD5: #N/A N/A | DE5: 25.49 | DF5: 59.1 | DG5: 34.235 | DH5: 84.262 | DI5: 50.37 | DJ5: #N/A N/A | DK5: 39.94 | DL5: 52.3 | DM5: 72.81 | DN5: 17.0316 | DO5: 55 | DP5: 4.96 | DQ5: 29.57 | DR5: 94.05 | DS5: 24.21 | DT5: 9.62 | DU5: 21.38 | DV5: 59.97 | DW5: #N/A N/A | DX5: #N/A N/A | DY5: 57.16 | DZ5: 39.76 | EA5: 96.6 | EB5: 24.0175 | EC5: 46.32 | ED5: #N/A N/A | EE5: 3.4175 | EF5: 64.68 | EG5: 39.78 | EH5: 34.75 | EI5: 36.3275 | EJ5: 17.98 | EK5: #N/A N/A | EL5: 17.2 | EM5: 8.314 | EN5: #N/A N/A | EO5: 10.343 | EP5: 21.575 | EQ5: #N/A N/A | ER5: 34.085 | ES5: #N/A N/A | ET5: 46.11 | EU5: 110.96 | EV5: 50.2379 | EW5: #N/A N/A | EX5: #N/A N/A | EY5: 51.95 | EZ5: 9.64 | FA5: #N/A N/A | FB5: 17.6503 | FC5: 84.69 | FD5: #N/A N/A | FE5: #N/A N/A | FF5: 39.85 | FG5: #N/A N/A | FH5: #N/A N/A | FI5: 47.3 | FJ5: 58.6 | FK5: 21.11 | FL5: 35.102 | FM5: 50.26 | FN5: 30.017 | FO5: 27.3 | FP5: 64.12 | FQ5: 35.6276 | FR5: 40.05 | FS5: 40.3201 | FT5: 38.963 | FU5: #N/A N/A | FV5: #N/A N/A | FW5: 40.3201 | FX5: 47.1531 | FY5: 40.59 | FZ5: 52.4123 | GA5: 14.38 | GB5: 64.75 | GC5: 55.705 | GD5: 58.88 | GE5: 3.35 | GF5: 12.21 | GG5: 20.3452 | GH5: #N/A N/A | GI5: 69.2 | GJ5: 60.01 | GK5: 49.42 | GL5: 114.6 | GM5: 46.74 | GN5: 61.3 | GO5: 62.23 | GP5: 53.65 | GQ5: 47.96 | GR5: 3.64 | GS5: 31.13 | GT5: 56.21 | GU5: 17.81 | GV5: 183.8 | GW5: 56.42 | GX5: 33.0524 | GY5: 63.22 | GZ5: 39.01 | HA5: 145 | HB5: 45.42 | HC5: 35.21 | HD5: #N/A N/A | HE5: #N/A N/A | HF5: 14.498 | HG5: 29.58 | HH5: #N/A N/A | HI5: #N/A N/A | HJ5: 51.33 | HK5: #N/A N/A | HL5: 35.78 | HM5: 33.12 | HN5: 10.39 | HO5: 17.03 | HP5: 10.7625 | HQ5: 39.19 | HR5: 91.8 | HS5: 24.3049 | HT5: 91.12 | HU5: 45.89 | HV5: 83 | HW5: 45.33 | HX5: 32.54 | HY5: #N/A N/A | HZ5: 18.7825 | IA5: 14.64 | IB5: 46.432 | IC5: 19.65 | ID5: #N/A N/A | IE5: 43.7133 | IF5: #N/A N/A | IG5: 10.81 | IH5: 106.31 | II5: 23.77 | IJ5: 3.874 | IK5: 34.62 | IL5: #N/A N/A | IM5: 67.61 | IN5: #N/A N/A | IO5: 101.7471 | IP5: 35.17 | IQ5: #N/A N/A | IR5: 18.54 | IS5: #N/A N/A | IT5: 33.69 | IU5: 39.91 | IV5: 33.4467 | IW5: 12.09 | IX5: 23.63 | IY5: 27.53 | IZ5: #N/A N/A | JA5: 16.96 | JB5: 60.88 | JC5: 21.465 | JD5: 39.26 | JE5: #N/A N/A | JF5: 119.72 | JG5: 199.63 | JH5: 32.92 | JI5: 36.57 | JJ5: 6.32 | JK5: 8.2025 | JL5: 31.26 | JM5: 60.48 | JN5: 53.9 | JO5: 22.48 | JP5: 37.73 | JQ5: 42.48 | JR5: #N/A N/A | JS5: 20.33 | JT5: #N/A N/A | JU5: #N/A N/A | JV5: 55.0992 | JW5: 6.4423 | JX5: #N/A N/A | JY5: 14.645 | JZ5: 29.322 | KA5: #N/A N/A | KB5: 69.85 | KC5: 80.84 | KD5: 75.55 | KE5: #N/A N/A | KF5: 183.0094 | KG5: 26.1 | KH5: 48.12 | KI5: 3.5275 | KJ5: 42.18 | KK5: 63.88 | KL5: 16.45 | KM5: 46.259 | KN5: 21.69 | KO5: 59.44 | KP5: #N/A N/A | KQ5: 32.9149 | KR5: 10.55 | KS5: #N/A N/A | KT5: 58.81 | KU5: #N/A N/A | KV5: 31.4079 | KW5: 60.6256 | KX5: 45.18 | KY5: 60.47 | KZ5: 24.19 | LA5: 32.1317 | LB5: 57.28 | LC5: 17.14 | LD5: 25.0954 | LE5: 38 | LF5: 71.14 | LG5: 16.07 | LH5: 41.67 | LI5: 49.3186 | LJ5: 8.53 | LK5: #N/A N/A | LL5: #N/A N/A | LM5: #N/A N/A | LN5: 19.78 | LO5: 47.14 | LP5: 79.3965 | LQ5: 14.84 | LR5: 35.06 | LS5: 32.78 | LT5: #N/A N/A | LU5: 37.09 | LV5: 12.68 | LW5: 80.03 | LX5: 42.4 | LY5: #N/A N/A | LZ5: 29.9383 | MA5: 25.29 | MB5: 35.9796 | MC5: 47.06 | MD5: 104.78 | ME5: 73.5538 | MF5: 20.05 | MG5: 51.08 | MH5: 49.88 | MI5: 93.55 | MJ5: #N/A N/A | MK5: 25.09 | ML5: #N/A N/A | MM5: 31.79 | MN5: 3.568 | MO5: 38.68 | MP5: 8.83 | MQ5: 67.69 | MR5: 46.25 | MS5: #N/A N/A | MT5: 53.4 | MU5: 9.05 | MV5: 44.936 | MW5: 64.06 | MX5: #N/A N/A | MY5: 13.1042 | MZ5: 87.33 | NA5: 15.705 | NB5: 93.16 | NC5: 45.72 | ND5: 26.47 | NE5: 41.88 | NF5: 31.769 | NG5: 22.56 | NH5: 10.88 | NI5: 80.99 | NJ5: 30.97 | NK5: 30.77 | NL5: 82.39 | NM5: 73.416 | NN5: 7.848 | NO5: 32.1 | NP5: 25.82 | NQ5: 53.25 | NR5: 26.98 | NS5: 18.53 | NT5: 44.1483 | NU5: #N/A N/A | NV5: 30.2 | NW5: 33.39 | NX5: 17.1 | NY5: 27.05 | NZ5: 27.88 | OA5: 50 | OB5: 104.21 | OC5: #N/A N/A | OD5: 164.85 | OE5: 5.69 | OF5: 26.49 | OG5: #N/A N/A | OH5: 7.955 | OI5: 58.12 | OJ5: 17.435 | OK5: 53.56 | OL5: 0.879 | OM5: 25.54 | ON5: 22.8275 | OO5: 28.47 | OP5: 69.04 | OQ5: 6.28 | OR5: 67.483 | OS5: 22.25 | OT5: 62.57 | OU5: 28.13 | OV5: 47.33 | OW5: 40.23 | OX5: 0.3045 | OY5: 899 | OZ5: #N/A N/A | PA5: #N/A N/A | PB5: #N/A N/A | PC5: 23.49 | PD5: 38.9095 | PE5: 10.59 | PF5: 41.3653 | PG5: 48.22 | PH5: 6.02 | PI5: #N/A N/A | PJ5: #N/A N/A | PK5: 5.631 | PL5: #N/A N/A | PM5: 79.157 | PN5: #N/A N/A | PO5: #N/A N/A | PP5: #N/A N/A | PQ5: 32.81 | PR5: 28.52 | PS5: 12.24 | PT5: 42.04 | PU5: 32.01 | PV5: #N/A N/A | PW5: 24.277 | PX5: #N/A N/A | PY5: 70.07 | PZ5: 9.1436 | QA5: 22.59 | QB5: 77.58 | QC5: 17.01 | QD5: 35.51 | QE5: 34.28 | QF5: #N/A N/A | QG5: 87.73 | QH5: 58.44 | QI5: 27.7003 | QJ5: 53.08 | QK5: 41.83 | QL5: 21.26 | QM5: 58.01 | QN5: 27.4205 | QO5: #N/A N/A | QP5: 57.31 | QQ5: 137.17 | QR5: 45.03 | QS5: #N/A N/A | QT5: 93.01 | QU5: 23.55 | QV5: 20.29 | QW5: 104.27 | QX5: #N/A N/A | QY5: 57.43 | QZ5: #N/A N/A | RA5: #N/A N/A | RB5: 33.74 | RC5: #N/A N/A | RD5: 155.23 | RE5: 6.61 | RF5: 27.07 | RG5: 25.4667 | RH5: 153.75 | RI5: 41.34 | RJ5: 68.9 | RK5: 6.7141 | RL5: #N/A N/A | RM5: 108.84 | RN5: 30.325 | RO5: 28.49 | RP5: 45.587 | RQ5: 28.5 | RR5: 65.78 | RS5: 23.125 | RT5: 13.51 | RU5: 46.667 | RV5: 15.92 | RW5: 85.76 | RX5: 70.74 | RY5: 59.45 | RZ5: 71.85 | SA5: 0.819 | SB5: 76.37 | SC5: #N/A N/A | SD5: #N/A N/A | SE5: 80.6217 | SF5: 32.28 | SG5: 46.23 | SH5: #N/A N/A | SI5: 142.408 | SJ5: 54.91 | SK5: 34.325 | SL5: 36.13 | SM5: 12.88 | SN5: 44.69 | SO5: 28.13 | SP5: 35.81 | SQ5: 68.35 | SR5: #N/A N/A | SS5: 22.87 | ST5: #N/A N/A | SU5: 52.4 | SV5: 30.84 | SW5: 26.0398 | SX5: 43.8 | SY5: 135.11 | SZ5: 65.76 | TA5: #N/A N/A | TB5: 28.95 | TC5: 16.725 | TD5: 67.57 | TE5: 32.07 | TF5: 63.12 | TG5: 20.675 | TH5: 61.7 | TI5: #N/A N/A | TJ5: 56.81 | TK5: 8.14 | TL5: 23.625 | TM5: 64.74 | TN5: 72.12 | TO5: 5.83 | TP5: 9.288 | TQ5: 1.8347 | TR5: 51.13 | TS5: 16.37 | TT5: 28.7255 | TU5: 10.94 | TV5: #N/A N/A | TW5: 28.13 | TX5: 25.51 | TY5: 47.74 | TZ5: #N/A N/A | UA5: #N/A N/A | UB5: 13.6712 | UC5: #N/A N/A | UD5: 24.37 | UE5: 43.61 | UF5: 92.27 | UG5: 56.21 | UH5: #N/A N/A | UI5: 20.52 | UJ5: 60.82 | UK5: 73.2 | UL5: 39.08 | UM5: 33.48 | UN5: 34.3875 | UO5: 51.4499 | UP5: 36.518 | UQ5: 26.0248 | UR5: 46.89 | US5: #N/A N/A | UT5: 58.5564 | UU5: #N/A N/A | UV5: #N/A N/A | UW5: 46.29 | UX5: 46.6 | UY5: 50.11 | UZ5: 55.1908 | VA5: 25 | VB5: #N/A N/A | VC5: 44.25 | VD5: 40.95 | VE5: 80.67 | VF5: #N/A N/A | VG5: 25.9935 | VH5: #N/A N/A | VI5: 37.8 | VJ5: 58.75 | VK5: #N/A N/A | VL5: 34.06 | VM5: 94.88 | VN5: 32.69 | VO5: 34.71 | VP5: 25.1067 | VQ5: 11.7067 | VR5: #N/A N/A | VS5: #N/A N/A | VT5: 26.705 | VU5: #N/A N/A | VV5: 22.975 | VW5: 17.81 | VX5: 27.3 | VY5: 120.43 | VZ5: #N/A N/A | WA5: 32.55 | WB5: 90.43 | WC5: 37.33 | WD5: 23.71 | WE5: 17.1248 | WF5: 50.4704 | WG5: #N/A N/A | WH5: 62.0685 | WI5: 35.54 | WJ5: 21.44 | WK5: #N/A N/A | WL5: 5.52 | WM5: 91.26 | WN5: 26.16 | WO5: 16.61 | WP5: 25.08 | WQ5: 73.79 | WR5: 63.04 | WS5: #N/A N/A | WT5: 48.62 | WU5: 47.09 | WV5: 17.54 | WW5: 29.66 | WX5: 86.49 | WY5: #N/A N/A | WZ5: #N/A N/A | XA5: 42.9097 | XB5: 104.78 | XC5: 27.24 | XD5: #N/A N/A | XE5: 51.32 | XF5: 29.12 | XG5: 78.87 | XH5: #N/A N/A | XI5: 41.16 | XJ5: 66.55 | XK5: #N/A N/A | XL5: 24.9 | XM5: 6.75 | XN5: 30.2 | XO5: 62.28 | XP5: #N/A N/A | XQ5: 9.24 | XR5: 56.48 | XS5: 24.14 | XT5: 11.41 | XU5: 42.39 | XV5: 34.62 | XW5: 19.86 | XX5: 51.08 | XY5: 43.91 | XZ5: 24.76 | YA5: 62.2 | YB5: 44.01 | YC5: 86.89 | YD5: #N/A N/A | YE5: 17.6547 | YF5: 4.6073 | YG5: 19.5513 | YH5: 28.47 | YI5: 44.43 | YJ5: 79.39 | YK5: 12.79 | YL5: 124.19 | YM5: #N/A N/A | YN5: 82.81 | YO5: #N/A N/A | YP5: 37.38 | YQ5: 45.76 | YR5: 64.29 | YS5: 86.35 | YT5: 2.12 | YU5: 113.53 | YV5: 58.37 | YW5: #N/A N/A | YX5: 30.86 | YY5: 27.32 | YZ5: 8.43 | ZA5: 96.93 | ZB5: 15.76 | ZC5: 19.62 | ZD5: 43.42 | ZE5: 29.04 | ZF5: #N/A N/A | ZG5: 37.16 | ZH5: 31.62 | ZI5: 33.18 | ZJ5: 29.21 | ZK5: 41.47 | ZL5: 31 | ZM5: 3825.1266 | ZN5: 420.4479 | ZO5: #N/A N/A | ZP5: 73.81 | ZQ5: 53.31 | ZR5: 54.06 | ZS5: 26.79 | ZT5: 38.2 | ZU5: 28.7091 | ZV5: #N/A N/A | ZW5: #N/A N/A | ZX5: 87.56 | ZY5: 6.86 | ZZ5: 17.89 | AAA5: 49.8933 | AAB5: 25.13 | AAC5: 43.93 | AAD5: 70.22 | AAE5: 15.28 | AAF5: 20.82 | AAG5: 17.4762 | AAH5: 8.39 | AAI5: 29.7 | AAJ5: 63.23 | AAK5: #N/A N/A | AAL5: 25.4137 | AAM5: 65.98 | AAN5: 33.97 | AAO5: 55.21 | AAP5: 29.6846 | AAQ5: 71.6996 | AAR5: 87.99 | AAS5: 9.34 | AAT5: 40.44 | AAU5: 19.16 | AAV5: 20.69 | AAW5: 5.93 | AAX5: 200.584 | AAY5: 24.41 | AAZ5: #N/A N/A | ABA5: 5.64 | ABB5: 42.63 | ABC5: 46.52 | ABD5: 49.03 | ABE5: 8.69 | ABF5: 17.81 | ABG5: #N/A N/A | ABH5: 47.8154 | ABI5: 12.3 | ABJ5: 14.95 | ABK5: 57.36 | ABL5: 31.16 | ABM5: 25.7 | ABN5: 19.8457 | ABO5: 55.1 | ABP5: 59.74 | ABQ5: 42.92 | ABR5: 51.59 | ABS5: 45.91 | ABT5: 31.41 | ABU5: 24.7 | ABV5: 22.245 | ABW5: 38.3467 | ABX5: 20.93 | ABY5: 38.68 | ABZ5: 56.9 | ACA5: 37.06 | ACB5: 21.73 | ACC5: 36.47 | ACD5: 63.53 | ACE5: #N/A N/A | ACF5: #N/A N/A | ACG5: #N/A N/A | ACH5: 25.86 | ACI5: 51.6497 | ACJ5: 25 | ACK5: #N/A N/A | ACL5: 46.435 | ACM5: 29.59 | ACN5: 707.5 | ACO5: 27.23 | ACP5: 33.7145 | ACQ5: #N/A N/A | ACR5: 142.7993 | ACS5: 20.09 | ACT5: 19.93 | ACU5: 33.28 | ACV5: 30.86 | ACW5: 14.35 | ACX5: 33.68 | ACY5: 167.18 | ACZ5: 68.89 | ADA5: 28.29 | ADB5: 66.17 | ADC5: 117.37 | ADD5: 44.47 | ADE5: 20.675 | ADF5: 31.65 | ADG5: 47.8 | ADH5: 33.24 | ADI5: 50.03 | ADJ5: 47.04 | ADK5: 66.45 | ADL5: 16.4934 | ADM5: 55.74 | ADN5: 48.6 | ADO5: 51.71 | ADP5: 42.756739 | ADQ5: 70.55 | ADR5: 6.2667 | ADS5: 95.21 | ADT5: 38.27 | ADU5: 21.21 | ADV5: 33.94 | ADW5: 14.8325 | ADX5: 67.83 | ADY5: 21.7004 | ADZ5: 53.85 | AEA5: 21.271 | AEB5: 14.73 | AEC5: 8.6262 | AED5: 23.75 | AEE5: 23.265 | AEF5: 12.21 | AEG5: 30.78 | AEH5: 21.4004 | AEI5: 22.41 | AEJ5: 97.95 | AEK5: 41.7901 | AEL5: 19.26 | AEM5: 35.8 | AEN5: 235.08 | AEO5: 53.46 | AEP5: 5.8559 | AEQ5: 35.33 | AER5: #N/A N/A | AES5: 46.75 | AET5: 54.37 | AEU5: 77.851461 | AEV5: 16.95 | AEW5: 21.41 | AEX5: 28.03 | AEY5: 58.55
A6: 41298 | B6: 1494.82 | C6: #N/A N/A | D6: 236.33 | E6: 31.9358 | F6: 75.598 | G6: 16.0882 | H6: 39.3 | I6: 37.46 | J6: 47.03 | K6: 32.5569 | L6: #N/A N/A | M6: 32.8 | N6: #N/A N/A | O6: 15.1933 | P6: 75.01 | Q6: 71.34 | R6: 38.1 | S6: 43.42 | T6: 29.03 | U6: 13.07 | V6: 52.3816 | W6: 37.6 | X6: 31.97 | Y6: #N/A N/A | Z6: 11.09 | AA6: 26.805 | AB6: 36.6 | AC6: 38.2 | AD6: 35.37 | AE6: 40.55 | AF6: 62.11 | AG6: 27.82 | AH6: 43.57 | AI6: #N/A N/A | AJ6: 12.6 | AK6: #N/A N/A | AL6: #N/A N/A | AM6: 23.195 | AN6: 41.1 | AO6: 82.62 | AP6: 66.88 | AQ6: 79.63 | AR6: 13.681 | AS6: 94.55 | AT6: #N/A N/A | AU6: 72.74 | AV6: 58.21 | AW6: 17.3175 | AX6: #N/A N/A | AY6: 81.569 | AZ6: 8.4688 | BA6: 21.01 | BB6: #N/A N/A | BC6: 32.5569 | BD6: 72.98 | BE6: 37 | BF6: #N/A N/A | BG6: 138.34 | BH6: 3.393 | BI6: 35.94 | BJ6: 38.59 | BK6: 11.35 | BL6: 9.35 | BM6: 59.3 | BN6: 357.57 | BO6: 75.32 | BP6: 11.53 | BQ6: 23.26 | BR6: 36.822 | BS6: 15.34 | BT6: 65.402 | BU6: 44.2967 | BV6: 38.5423 | BW6: 25.788 | BX6: 78.52 | BY6: 134.858 | BZ6: 27.01 | CA6: 679.55 | CB6: #N/A N/A | CC6: #N/A N/A | CD6: 114.83 | CE6: 236.33 | CF6: 35.81 | CG6: 23.53 | CH6: 97.31 | CI6: 13.685 | CJ6: 6.84 | CK6: 44.92 | CL6: 33.6582 | CM6: 17.8748 | CN6: 109 | CO6: 42.8 | CP6: 25.212 | CQ6: 44.73 | CR6: #N/A N/A | CS6: 96.6 | CT6: 85.31 | CU6: 33.39 | CV6: 21.19 | CW6: 74.32 | CX6: 38.9 | CY6: 13.9 | CZ6: #N/A N/A | DA6: 47.06 | DB6: #N/A N/A | DC6: 45.294 | DD6: #N/A N/A | DE6: 28.535 | DF6: 67.21 | DG6: 41.53 | DH6: 87.613 | DI6: 58.15 | DJ6: #N/A N/A | DK6: 42.51 | DL6: 54.885 | DM6: 77.17 | DN6: 18.5399 | DO6: 57.28 | DP6: 5.992 | DQ6: 33.56 | DR6: 115.46 | DS6: 25.28 | DT6: 11.0575 | DU6: 20.24 | DV6: 56.86 | DW6: #N/A N/A | DX6: #N/A N/A | DY6: 60.41 | DZ6: 45.72 | EA6: 102.89 | EB6: 25.1825 | EC6: 59.36 | ED6: #N/A N/A | EE6: 4.0438 | EF6: 70.4 | EG6: 42.87 | EH6: 36.42 | EI6: 43.0725 | EJ6: 21.04 | EK6: #N/A N/A | EL6: 21.02 | EM6: 9.264 | EN6: #N/A N/A | EO6: 10.598 | EP6: 26.315 | EQ6: #N/A N/A | ER6: 38.465 | ES6: #N/A N/A | ET6: 52.06 | EU6: 115.5 | EV6: 55.2863 | EW6: #N/A N/A | EX6: #N/A N/A | EY6: 53.79 | EZ6: 13.93 | FA6: #N/A N/A | FB6: 20.4888 | FC6: 93.24 | FD6: #N/A N/A | FE6: #N/A N/A | FF6: 39.14 | FG6: #N/A N/A | FH6: #N/A N/A | FI6: 46.37 | FJ6: 58.45 | FK6: 21.72 | FL6: 40.6445 | FM6: 53.95 | FN6: 34.8802 | FO6: 31.1 | FP6: 70.17 | FQ6: 36.4842 | FR6: 41.06 | FS6: 42.3411 | FT6: 44.9021 | FU6: #N/A N/A | FV6: #N/A N/A | FW6: 42.3411 | FX6: 41.0195 | FY6: 46.65 | FZ6: 53.1781 | GA6: 15.22 | GB6: 67.8 | GC6: 57.165 | GD6: 54.29 | GE6: 3.6925 | GF6: 14.26 | GG6: 23.2283 | GH6: #N/A N/A | GI6: 73.17 | GJ6: 56.34 | GK6: 59.05 | GL6: 114.67 | GM6: 46.69 | GN6: 62.54 | GO6: 65.69 | GP6: 71.24 | GQ6: 57.27 | GR6: 3.71 | GS6: 35.58 | GT6: 62.495 | GU6: 20.9 | GV6: 221.99 | GW6: 57.97 | GX6: 33.0742 | GY6: 69.415 | GZ6: 39.91 | HA6: 154.43 | HB6: 57.31 | HC6: 31.92 | HD6: #N/A N/A | HE6: #N/A N/A | HF6: 15.268 | HG6: 29.81 | HH6: #N/A N/A | HI6: #N/A N/A | HJ6: 63.39 | HK6: #N/A N/A | HL6: 43.19 | HM6: 38.95 | HN6: 13.87 | HO6: 21.43 | HP6: 12.14 | HQ6: 34.65 | HR6: 93.45 | HS6: 27.4157 | HT6: 101.73 | HU6: 39.92 | HV6: 103.22 | HW6: 44.86 | HX6: 37.23 | HY6: #N/A N/A | HZ6: 20.1 | IA6: 16.39 | IB6: 53.1048 | IC6: 24.13 | ID6: #N/A N/A | IE6: 51.5 | IF6: #N/A N/A | IG6: 12.72 | IH6: 105.54 | II6: 30.3 | IJ6: 3.99 | IK6: 35.6 | IL6: #N/A N/A | IM6: 70.64 | IN6: #N/A N/A | IO6: 105.5279 | IP6: 33.18 | IQ6: #N/A N/A | IR6: 21.71 | IS6: #N/A N/A | IT6: 39.2 | IU6: 41.7 | IV6: 37.0067 | IW6: 12.16 | IX6: 28.78 | IY6: 36.86 | IZ6: #N/A N/A | JA6: 18.864 | JB6: 66.6 | JC6: 24.835 | JD6: 38.59 | JE6: #N/A N/A | JF6: 144.96 | JG6: 214.31 | JH6: 37.81 | JI6: 38.45 | JJ6: 6.99 | JK6: 9.4525 | JL6: 37.73 | JM6: 67.35 | JN6: 58.44 | JO6: 24.39 | JP6: 46.81 | JQ6: 45.57 | JR6: #N/A N/A | JS6: 23.33 | JT6: #N/A N/A | JU6: #N/A N/A | JV6: 61.2074 | JW6: 7.7226 | JX6: #N/A N/A | JY6: 17.635 | JZ6: 34.124 | KA6: #N/A N/A | KB6: 78.09 | KC6: 88.47 | KD6: 73.86 | KE6: #N/A N/A | KF6: 195.2546 | KG6: 26.856 | KH6: 48.315 | KI6: 3.4225 | KJ6: 49.5 | KK6: 70.77 | KL6: 18.25 | KM6: 49.515 | KN6: 20.95 | KO6: 63.82 | KP6: #N/A N/A | KQ6: 39.5707 | KR6: 12.16 | KS6: #N/A N/A | KT6: 67.53 | KU6: #N/A N/A | KV6: 31.9581 | KW6: 64.5556 | KX6: 51.5 | KY6: 64.83 | KZ6: 27.77 | LA6: 38.8672 | LB6: 67.57 | LC6: 20 | LD6: 28.9938 | LE6: 41.69 | LF6: 73.1 | LG6: 21.5 | LH6: 46.37 | LI6: 54.9768 | LJ6: 9.24 | LK6: #N/A N/A | LL6: #N/A N/A | LM6: #N/A N/A | LN6: 20.36 | LO6: 51.97 | LP6: 82.981 | LQ6: 17.21 | LR6: 37.23 | LS6: 38.74 | LT6: #N/A N/A | LU6: 37.11 | LV6: 13.88 | LW6: 93.79 | LX6: 43.24 | LY6: #N/A N/A | LZ6: 33.381 | MA6: 29.42 | MB6: 40.5742 | MC6: 49.48 | MD6: 111.12 | ME6: 75.5984 | MF6: 23 | MG6: 53.16 | MH6: 57.43 | MI6: 93.25 | MJ6: #N/A N/A | MK6: 28.26 | ML6: #N/A N/A | MM6: 38.41 | MN6: 3.952 | MO6: 40.1 | MP6: 11.45 | MQ6: 67.6 | MR6: 52.71 | MS6: #N/A N/A | MT6: 62.52 | MU6: 10.26 | MV6: 52.226 | MW6: 66.5 | MX6: #N/A N/A | MY6: 15.5827 | MZ6: 93.31 | NA6: 16.625 | NB6: 106.19 | NC6: 53.96 | ND6: 27.83 | NE6: 46.45 | NF6: 32.8205 | NG6: 31.08 | NH6: 12.97 | NI6: 100.7 | NJ6: 31.185 | NK6: 37.5 | NL6: 99.23 | NM6: 83.332 | NN6: 7.878 | NO6: 33.41 | NP6: 29.13 | NQ6: 60.92 | NR6: 34.325 | NS6: 23.32 | NT6: 41.0016 | NU6: #N/A N/A | NV6: 33.77 | NW6: 34.88 | NX6: 22.6 | NY6: 33.35 | NZ6: 27.63 | OA6: 58.8 | OB6: 104.02 | OC6: #N/A N/A | OD6: 211.09 | OE6: 7.83 | OF6: 30.99 | OG6: #N/A N/A | OH6: 9.17 | OI6: 67.03 | OJ6: 18.025 | OK6: 44.01 | OL6: 2.098 | OM6: 26.5 | ON6: 26.93 | OO6: 32.18 | OP6: 68.23 | OQ6: 5.9 | OR6: 66.4736 | OS6: 23.67 | OT6: 69.83 | OU6: 35.47 | OV6: 50.88 | OW6: 47.78 | OX6: 0.3047 | OY6: 1000.89 | OZ6: #N/A N/A | PA6: #N/A N/A | PB6: #N/A N/A | PC6: 29.51 | PD6: 42.3182 | PE6: 12.5867 | PF6: 41.4528 | PG6: 53.81 | PH6: 7.71 | PI6: #N/A N/A | PJ6: #N/A N/A | PK6: 6.12 | PL6: #N/A N/A | PM6: 80.0011 | PN6: #N/A N/A | PO6: #N/A N/A | PP6: #N/A N/A | PQ6: 31.74 | PR6: 31.8467 | PS6: 12.51 | PT6: 41.51 | PU6: 30.28 | PV6: #N/A N/A | PW6: 25.4524 | PX6: #N/A N/A | PY6: 70.42 | PZ6: 10.8231 | QA6: 22.66 | QB6: 93.97 | QC6: 20.98 | QD6: 39.82 | QE6: 40.18 | QF6: #N/A N/A | QG6: 89.76 | QH6: 61.86 | QI6: 35.4899 | QJ6: 53.1 | QK6: 45.67 | QL6: 23.82 | QM6: 71.99 | QN6: 27.3834 | QO6: #N/A N/A | QP6: 58.29 | QQ6: 151.73 | QR6: 56.12 | QS6: #N/A N/A | QT6: 118.69 | QU6: 29.59 | QV6: 22.99 | QW6: 113.87 | QX6: #N/A N/A | QY6: 64.4 | QZ6: #N/A N/A | RA6: #N/A N/A | RB6: 37.88 | RC6: #N/A N/A | RD6: 173.14 | RE6: 7.67 | RF6: 34 | RG6: 29.1467 | RH6: 165.38 | RI6: 45.47 | RJ6: 89.15 | RK6: 7.3215 | RL6: #N/A N/A | RM6: 118.6 | RN6: 30.575 | RO6: 30.8 | RP6: 52.446 | RQ6: 35.26 | RR6: 71.85 | RS6: 27.285 | RT6: 15.81 | RU6: 55.263 | RV6: 18.93 | RW6: 90.14 | RX6: 78.02 | RY6: 60.65 | RZ6: 75.18 | SA6: 1.251 | SB6: 81.6 | SC6: #N/A N/A | SD6: #N/A N/A | SE6: 85.6493 | SF6: 32.86 | SG6: 44.21 | SH6: #N/A N/A | SI6: 152.469 | SJ6: 56.94 | SK6: 36.985 | SL6: 37.08 | SM6: 15.23 | SN6: 55.52 | SO6: 36.87 | SP6: 37.77 | SQ6: 77.22 | SR6: #N/A N/A | SS6: 21.44 | ST6: #N/A N/A | SU6: 63.45 | SV6: 31.55 | SW6: 25.4737 | SX6: 45.47 | SY6: 138.21 | SZ6: 71.79 | TA6: #N/A N/A | TB6: 30.91 | TC6: 17.46 | TD6: 74.7 | TE6: 39.3 | TF6: 61.86 | TG6: 22.435 | TH6: 69.76 | TI6: #N/A N/A | TJ6: 50.9 | TK6: 8.3 | TL6: 31.545 | TM6: 71.7 | TN6: 78.09 | TO6: 5.85 | TP6: 9.357 | TQ6: 2.466 | TR6: 58.97 | TS6: 22.3 | TT6: 31.6358 | TU6: 12.61 | TV6: #N/A N/A | TW6: 33.09 | TX6: 28.38 | TY6: 53.18 | TZ6: #N/A N/A | UA6: #N/A N/A | UB6: 11.8451 | UC6: #N/A N/A | UD6: 24.72 | UE6: 55.2 | UF6: 98.01 | UG6: 56.22 | UH6: #N/A N/A | UI6: 23.13 | UJ6: 66.92 | UK6: 82.14 | UL6: 49.16 | UM6: 33.11 | UN6: 39.89 | UO6: 64.5382 | UP6: 34.3037 | UQ6: 34.6754 | UR6: 57.5 | US6: #N/A N/A | UT6: 62.0478 | UU6: #N/A N/A | UV6: #N/A N/A | UW6: 55.18 | UX6: 39.99 | UY6: 47.32 | UZ6: 57.8794 | VA6: 28.32 | VB6: #N/A N/A | VC6: 42.59 | VD6: 46.14 | VE6: 90.95 | VF6: #N/A N/A | VG6: 36.1113 | VH6: #N/A N/A | VI6: 38.58 | VJ6: 62.9 | VK6: #N/A N/A | VL6: 35.16 | VM6: 110.02 | VN6: 35.52 | VO6: 34.63 | VP6: 23.2633 | VQ6: 12.3081 | VR6: #N/A N/A | VS6: #N/A N/A | VT6: 29.165 | VU6: #N/A N/A | VV6: 22.235 | VW6: 13.48 | VX6: 31.5 | VY6: 122.68 | VZ6: #N/A N/A | WA6: 36.8 | WB6: 91.35 | WC6: 41.54 | WD6: 27.98 | WE6: 20.4181 | WF6: 47.738 | WG6: #N/A N/A | WH6: 72.2063 | WI6: 43 | WJ6: 22.71 | WK6: #N/A N/A | WL6: 5.67 | WM6: 106.69 | WN6: 30.88 | WO6: 20.44 | WP6: 27.54 | WQ6: 78.73 | WR6: 62.31 | WS6: #N/A N/A | WT6: 61.66 | WU6: 47.27 | WV6: 17.11 | WW6: 34.43 | WX6: 103.62 | WY6: #N/A N/A | WZ6: 7.29 | XA6: 45.6646 | XB6: 111.12 | XC6: 29.4 | XD6: #N/A N/A | XE6: 53.49 | XF6: 27 | XG6: 79.73 | XH6: #N/A N/A | XI6: 46.81 | XJ6: 80.02 | XK6: #N/A N/A | XL6: 24.9 | XM6: #N/A N/A | XN6: 33.56 | XO6: 67.99 | XP6: #N/A N/A | XQ6: 13 | XR6: 61.39 | XS6: 25.04 | XT6: 12.85 | XU6: 48.85 | XV6: 36.76 | XW6: 19.27 | XX6: 59.21 | XY6: 44.19 | XZ6: 33.45 | YA6: 60.44 | YB6: 48 | YC6: 86.43 | YD6: #N/A N/A | YE6: 24.3627 | YF6: 4.8221 | YG6: 20.2456 | YH6: 32.18 | YI6: 49.72 | YJ6: 80.74 | YK6: 15.16 | YL6: 144.48 | YM6: #N/A N/A | YN6: 83.24 | YO6: #N/A N/A | YP6: 44.61 | YQ6: 44.01 | YR6: 69.13 | YS6: 93.27 | YT6: 2.79 | YU6: 125.654 | YV6: 58.99 | YW6: #N/A N/A | YX6: 49.44 | YY6: 30.19 | YZ6: 9.32 | ZA6: 103.51 | ZB6: 16.59 | ZC6: 20.56 | ZD6: 44.92 | ZE6: 33.39 | ZF6: #N/A N/A | ZG6: 48.745 | ZH6: 34.21 | ZI6: 35.76 | ZJ6: 31.15 | ZK6: 44.05 | ZL6: 34.34 | ZM6: 3550.8223 | ZN6: 383.6981 | ZO6: #N/A N/A | ZP6: #N/A N/A | ZQ6: 59.74 | ZR6: 56.73 | ZS6: 30.74 | ZT6: 36 | ZU6: 26.8324 | ZV6: #N/A N/A | ZW6: #N/A N/A | ZX6: 90.35 | ZY6: 7.3633 | ZZ6: 15.09 | AAA6: 56.097 | AAB6: 19.12 | AAC6: 46.37 | AAD6: 73.98 | AAE6: 18.21 | AAF6: 24.43 | AAG6: 17.1041 | AAH6: 10.27 | AAI6: 28.33 | AAJ6: 53.36 | AAK6: #N/A N/A | AAL6: 21.6701 | AAM6: 58.84 | AAN6: 33.8 | AAO6: 64.61 | AAP6: 34.6097 | AAQ6: 67.1997 | AAR6: 106.37 | AAS6: 10.14 | AAT6: 41.28 | AAU6: 19.36 | AAV6: 22.92 | AAW6: 5.8675 | AAX6: 234.395 | AAY6: 43.78 | AAZ6: 13.81 | ABA6: 9.31 | ABB6: 49.98 | ABC6: 52.86 | ABD6: 61.93 | ABE6: 8.65 | ABF6: 21.72 | ABG6: #N/A N/A | ABH6: 55.5162 | ABI6: #N/A N/A | ABJ6: 16.91 | ABK6: 60.64 | ABL6: 35 | ABM6: 30.59 | ABN6: 21.5771 | ABO6: 55.67 | ABP6: 65.94 | ABQ6: 44.54 | ABR6: 44.9 | ABS6: 46.91 | ABT6: 36.38 | ABU6: 27.4 | ABV6: 22.945 | ABW6: 39.58 | ABX6: 24.58 | ABY6: 39 | ABZ6: 59.28 | ACA6: 38.04 | ACB6: 28.27 | ACC6: 38.97 | ACD6: 69.54 | ACE6: #N/A N/A | ACF6: #N/A N/A | ACG6: #N/A N/A | ACH6: 27.17 | ACI6: 53.0564 | ACJ6: 28.32 | ACK6: #N/A N/A | ACL6: 53.8 | ACM6: 32.38 | ACN6: 820.5 | ACO6: 28.55 | ACP6: 32.7273 | ACQ6: #N/A N/A | ACR6: 128.5494 | ACS6: 23.25 | ACT6: 22.9 | ACU6: 41.98 | ACV6: 34.94 | ACW6: 12.15 | ACX6: 36.51 | ACY6: 191.22 | ACZ6: 72.23 | ADA6: 30.56 | ADB6: 69.39 | ADC6: 101.61 | ADD6: 56.31 | ADE6: 21.725 | ADF6: 29.53 | ADG6: 49.63 | ADH6: 34.32 | ADI6: 54.47 | ADJ6: 55.6 | ADK6: 68.51 | ADL6: 15.0014 | ADM6: 56.54 | ADN6: 46.64 | ADO6: 61.21 | ADP6: 33.129633 | ADQ6: 76.74 | ADR6: 6.0381 | ADS6: 94.55 | ADT6: 39.92 | ADU6: 24.71 | ADV6: 34.18 | ADW6: 17.2941 | ADX6: 66.5 | ADY6: 24.4813 | ADZ6: 54.61 | AEA6: 23.8934 | AEB6: 16.21 | AEC6: 10.4036 | AED6: 38.64 | AEE6: 25.4855 | AEF6: #N/A N/A | AEG6: 44.82 | AEH6: 19.424 | AEI6: 23.65 | AEJ6: 100.38 | AEK6: 48.7024 | AEL6: 25.54 | AEM6: 42.72 | AEN6: 246.28 | AEO6: 58.56 | AEP6: 7.5445 | AEQ6: 39.44 | AER6: #N/A N/A | AES6: 46.775 | AET6: 50.05 | AEU6: 78.255674 | AEV6: 14.63 | AEW6: 24.22 | AEX6: 27.42 | AEY6: 63.23
A7: 41388 | B7: 1578.79 | C7: #N/A N/A | D7: 258.67 | E7: 30.6415 | F7: 80.615 | G7: 14.4879 | H7: 42.16 | I7: 44.32 | J7: 51.87 | K7: 36.6778 | L7: #N/A N/A | M7: 36.52 | N7: #N/A N/A | O7: 17.79 | P7: 81.18 | Q7: 77.81 | R7: 44.67 | S7: 43.46 | T7: 32.39 | U7: 17.86 | V7: 58.4962 | W7: 37.56 | X7: 36.13 | Y7: #N/A N/A | Z7: 13.24 | AA7: 25.78 | AB7: 41.6 | AC7: 47.69 | AD7: 42.14 | AE7: 36.08 | AF7: 59 | AG7: 32.04 | AH7: 49.7 | AI7: #N/A N/A | AJ7: 13.63 | AK7: #N/A N/A | AL7: #N/A N/A | AM7: 30.44 | AN7: 41.15 | AO7: 104.93 | AP7: 72.65 | AQ7: 81 | AR7: 13.439 | AS7: 89.23 | AT7: #N/A N/A | AU7: 77.58 | AV7: 61.16 | AW7: 18.665 | AX7: #N/A N/A | AY7: 79.3224 | AZ7: 9.2963 | BA7: 25.02 | BB7: #N/A N/A | BC7: 36.6778 | BD7: 71.58 | BE7: 44.17 | BF7: #N/A N/A | BG7: 132.08 | BH7: 3.262 | BI7: 42.25 | BJ7: 41.15 | BK7: 14.7 | BL7: 8.3 | BM7: 67.42 | BN7: 383.95 | BO7: 90.83 | BP7: 12.31 | BQ7: 23.67 | BR7: 37.7727 | BS7: 23.77 | BT7: 74.095 | BU7: 50.82 | BV7: 39.3909 | BW7: 27.98 | BX7: 68.3 | BY7: 189.913 | BZ7: 27.85 | CA7: 700.8 | CB7: #N/A N/A | CC7: #N/A N/A | CD7: 119.89 | CE7: 258.67 | CF7: 41.45 | CG7: 24.49 | CH7: 106.75 | CI7: 15.165 | CJ7: 7.36 | CK7: 44.44 | CL7: 33.06 | CM7: 20.1901 | CN7: 108.38 | CO7: 47.12 | CP7: 27.6087 | CQ7: 44.39 | CR7: #N/A N/A | CS7: 83.78 | CT7: 89.54 | CU7: 36.45 | CV7: 24.61 | CW7: 73.9 | CX7: 33.32 | CY7: 12.72 | CZ7: #N/A N/A | DA7: 48.55 | DB7: #N/A N/A | DC7: 37.418 | DD7: #N/A N/A | DE7: 31.335 | DF7: 57.65 | DG7: 46.07 | DH7: 113.968 | DI7: 65.22 | DJ7: #N/A N/A | DK7: 48.94 | DL7: 58.95 | DM7: 87.42 | DN7: 19.0505 | DO7: 60.17 | DP7: 7.256 | DQ7: 35.87 | DR7: 110.08 | DS7: 29.18 | DT7: 11.835 | DU7: 24.19 | DV7: 57.06 | DW7: #N/A N/A | DX7: #N/A N/A | DY7: 58.26 | DZ7: 55.82 | EA7: 107.83 | EB7: 26.905 | EC7: 75.93 | ED7: #N/A N/A | EE7: 4.2638 | EF7: 71.91 | EG7: 42.46 | EH7: 46.05 | EI7: 40.91 | EJ7: 21.45 | EK7: #N/A N/A | EL7: 20.39 | EM7: 10.908 | EN7: #N/A N/A | EO7: 11.22 | EP7: 33.46 | EQ7: #N/A N/A | ER7: 30.97 | ES7: #N/A N/A | ET7: 57.58 | EU7: 118.28 | EV7: 53.8769 | EW7: #N/A N/A | EX7: #N/A N/A | EY7: 61.12 | EZ7: 16.47 | FA7: #N/A N/A | FB7: 19.1439 | FC7: 85.12 | FD7: #N/A N/A | FE7: #N/A N/A | FF7: 44.15 | FG7: #N/A N/A | FH7: #N/A N/A | FI7: 52.09 | FJ7: 56.09 | FK7: 24.02 | FL7: 40.2817 | FM7: 61.94 | FN7: 40.4331 | FO7: 35.41 | FP7: 72.6 | FQ7: 39.1037 | FR7: 48.18 | FS7: 48.5225 | FT7: 46.9176 | FU7: #N/A N/A | FV7: #N/A N/A | FW7: 48.5225 | FX7: 45.0847 | FY7: 51.43 | FZ7: 61.8397 | GA7: 17.41 | GB7: 74.72 | GC7: 60.965 | GD7: 53.43 | GE7: 3.8525 | GF7: 17.8 | GG7: 22.3107 | GH7: #N/A N/A | GI7: 83.29 | GJ7: 62.77 | GK7: 59.92 | GL7: 131.38 | GM7: 53.15 | GN7: 68.82 | GO7: 73.33 | GP7: 71.85 | GQ7: 55.28 | GR7: 6.2 | GS7: 39.18 | GT7: 59.965 | GU7: 22.07 | GV7: 216.38 | GW7: 57.69 | GX7: 37.331 | GY7: 78.29 | GZ7: 44.93 | HA7: 152.99 | HB7: 58.62 | HC7: 35.06 | HD7: #N/A N/A | HE7: #N/A N/A | HF7: 10.767 | HG7: 34.42 | HH7: #N/A N/A | HI7: #N/A N/A | HJ7: 64.18 | HK7: #N/A N/A | HL7: 35.56 | HM7: 41.86 | HN7: 13.33 | HO7: 27.1 | HP7: 12.3725 | HQ7: 29.78 | HR7: 90.87 | HS7: 30.9708 | HT7: 94.46 | HU7: 46.17 | HV7: 72.35 | HW7: 44 | HX7: 40.93 | HY7: #N/A N/A | HZ7: 22.3325 | IA7: 16.72 | IB7: 51.6142 | IC7: 24.17 | ID7: #N/A N/A | IE7: 52.08 | IF7: #N/A N/A | IG7: 12.67 | IH7: 113.97 | II7: 45.11 | IJ7: 3.506 | IK7: 37.6 | IL7: #N/A N/A | IM7: 71.73 | IN7: #N/A N/A | IO7: 105.0972 | IP7: 36.87 | IQ7: #N/A N/A | IR7: 24.37 | IS7: #N/A N/A | IT7: 50.6 | IU7: 49.34 | IV7: 40.4467 | IW7: 13.85 | IX7: 30.45 | IY7: 35.04 | IZ7: #N/A N/A | JA7: 20.363 | JB7: 74.2 | JC7: 22.91 | JD7: 34.25 | JE7: #N/A N/A | JF7: 143.93 | JG7: 246.3 | JH7: 40.92 | JI7: 47.28 | JJ7: 7.1 | JK7: 12.1075 | JL7: 38.16 | JM7: 73.28 | JN7: 70.12 | JO7: 27.78 | JP7: 52.04 | JQ7: 51.28 | JR7: #N/A N/A | JS7: 20.36 | JT7: #N/A N/A | JU7: #N/A N/A | JV7: 67.1182 | JW7: 9.0075 | JX7: #N/A N/A | JY7: 20.62 | JZ7: 35.131 | KA7: #N/A N/A | KB7: 89.34 | KC7: 93.23 | KD7: 72.1 | KE7: #N/A N/A | KF7: 183.1145 | KG7: 31.678 | KH7: 42.14 | KI7: 3.72 | KJ7: 51.5 | KK7: 76.83 | KL7: 22.17 | KM7: 60.895 | KN7: 23.66 | KO7: 64.19 | KP7: #N/A N/A | KQ7: 45.2743 | KR7: 13.99 | KS7: #N/A N/A | KT7: 62.4 | KU7: #N/A N/A | KV7: 34.7091 | KW7: 52.9867 | KX7: 56.85 | KY7: 64.2 | KZ7: 29.68 | LA7: 42.8671 | LB7: 70.16 | LC7: 17.35 | LD7: 28.7689 | LE7: 44.81 | LF7: 84.39 | LG7: 15.69 | LH7: 48.72 | LI7: 61.3949 | LJ7: 9.73 | LK7: #N/A N/A | LL7: #N/A N/A | LM7: #N/A N/A | LN7: 22.99 | LO7: 55.49 | LP7: 99.1019 | LQ7: 20.19 | LR7: 39.98 | LS7: 44.49 | LT7: #N/A N/A | LU7: 42.15 | LV7: 17.295 | LW7: 106.75 | LX7: 44.51 | LY7: #N/A N/A | LZ7: 40.0738 | MA7: 33.38 | MB7: 39.7205 | MC7: 43.58 | MD7: 112.77 | ME7: 80.6154 | MF7: 21.48 | MG7: 56.05 | MH7: 62.45 | MI7: 97.69 | MJ7: #N/A N/A | MK7: 33.31 | ML7: #N/A N/A | MM7: 37.71 | MN7: 4.301 | MO7: 37.1 | MP7: 13.42 | MQ7: 75.78 | MR7: 54.82 | MS7: #N/A N/A | MT7: 60.33 | MU7: 12.45 | MV7: 53.202 | MW7: 68.6 | MX7: #N/A N/A | MY7: 17.8503 | MZ7: 101.02 | NA7: 17.875 | NB7: 107.01 | NC7: 54.3 | ND7: 31.46 | NE7: 46.39 | NF7: 34.1483 | NG7: 26.09 | NH7: 13.03 | NI7: 113.98 | NJ7: 35.8 | NK7: 41.43 | NL7: 98.63 | NM7: 90.187 | NN7: 9.582 | NO7: 35.53 | NP7: 32.76 | NQ7: 59.98 | NR7: 41.31 | NS7: 22.61 | NT7: 45.7216 | NU7: #N/A N/A | NV7: 31.37 | NW7: 37.34 | NX7: 21.45 | NY7: 33.23 | NZ7: 31.76 | OA7: 56.02 | OB7: 99.92 | OC7: #N/A N/A | OD7: 210.04 | OE7: 9.42 | OF7: 32.7 | OG7: #N/A N/A | OH7: 9.4 | OI7: 67.58 | OJ7: 20.14 | OK7: 34.33 | OL7: 3.096 | OM7: 31.14 | ON7: 30.765 | OO7: 34.37 | OP7: 73.77 | OQ7: 7.52 | OR7: 60.5346 | OS7: 27.88 | OT7: 74.92 | OU7: 34.86 | OV7: 52.91 | OW7: 43.68 | OX7: 0.334 | OY7: 990 | OZ7: #N/A N/A | PA7: #N/A N/A | PB7: #N/A N/A | PC7: 27.13 | PD7: 47.7218 | PE7: 12.3867 | PF7: 45.0772 | PG7: 59.88 | PH7: 7.53 | PI7: #N/A N/A | PJ7: #N/A N/A | PK7: 6.741 | PL7: #N/A N/A | PM7: 80.8932 | PN7: #N/A N/A | PO7: #N/A N/A | PP7: #N/A N/A | PQ7: 36.07 | PR7: 32.66 | PS7: 13.11 | PT7: 47.75 | PU7: 35.89 | PV7: #N/A N/A | PW7: 29.0072 | PX7: #N/A N/A | PY7: 77.12 | PZ7: 13.287 | QA7: 25.33 | QB7: 89.37 | QC7: 19.69 | QD7: 46 | QE7: 42.68 | QF7: #N/A N/A | QG7: 94.05 | QH7: 68.44 | QI7: 36.5107 | QJ7: 60.33 | QK7: 48.86 | QL7: 25.5 | QM7: 72.49 | QN7: 30.4363 | QO7: #N/A N/A | QP7: 58.34 | QQ7: 159.42 | QR7: 61.82 | QS7: #N/A N/A | QT7: 109.46 | QU7: 27.37 | QV7: 22.29 | QW7: 115.72 | QX7: #N/A N/A | QY7: 66 | QZ7: #N/A N/A | RA7: #N/A N/A | RB7: 34.29 | RC7: #N/A N/A | RD7: 210.62 | RE7: 8.22 | RF7: 33.16 | RG7: 29.76 | RH7: 171.44 | RI7: 45.75 | RJ7: 86.3 | RK7: 6.9422 | RL7: #N/A N/A | RM7: 123.96 | RN7: 31.81 | RO7: 33.21 | RP7: 54.263 | RQ7: 33.93 | RR7: 76.41 | RS7: 29.915 | RT7: 16.64 | RU7: 60.343 | RV7: 22.07 | RW7: 102.51 | RX7: 73.17 | RY7: 68.26 | RZ7: 73 | SA7: 0.948 | SB7: 84.38 | SC7: #N/A N/A | SD7: #N/A N/A | SE7: 94.1029 | SF7: 34.53 | SG7: 48.03 | SH7: #N/A N/A | SI7: 166.271 | SJ7: 51.81 | SK7: 40.78 | SL7: 40.62 | SM7: 14.73 | SN7: 58.27 | SO7: 36.46 | SP7: 48.04 | SQ7: 78.08 | SR7: #N/A N/A | SS7: 21.43 | ST7: #N/A N/A | SU7: 64.73 | SV7: 34.72 | SW7: 27.9569 | SX7: 51.63 | SY7: 148.09 | SZ7: 75.13 | TA7: #N/A N/A | TB7: 30.23 | TC7: 15.9 | TD7: 83.32 | TE7: 42.16 | TF7: 69.71 | TG7: 23.71 | TH7: 81.2 | TI7: #N/A N/A | TJ7: 56.28 | TK7: 9.09 | TL7: 27.99 | TM7: 72.75 | TN7: 85.86 | TO7: 8 | TP7: 11.205 | TQ7: 3.3647 | TR7: 67.55 | TS7: 24.82 | TT7: 33.5492 | TU7: 15.86 | TV7: #N/A N/A | TW7: 36.01 | TX7: 25.76 | TY7: 58.87 | TZ7: #N/A N/A | UA7: #N/A N/A | UB7: 14.4564 | UC7: #N/A N/A | UD7: 24.59 | UE7: 62.73 | UF7: 86.22 | UG7: 58.79 | UH7: #N/A N/A | UI7: 27.31 | UJ7: 73.65 | UK7: 83.5 | UL7: 50.6 | UM7: 33.15 | UN7: 41.765 | UO7: 60.5267 | UP7: 40.989 | UQ7: 38.3384 | UR7: 47.76 | US7: #N/A N/A | UT7: 63.7825 | UU7: #N/A N/A | UV7: #N/A N/A | UW7: 59.62 | UX7: 45.38 | UY7: 81.05 | UZ7: 69.3694 | VA7: 28.69 | VB7: #N/A N/A | VC7: 51.8 | VD7: 50.705 | VE7: 92.48 | VF7: #N/A N/A | VG7: 39.9725 | VH7: #N/A N/A | VI7: 43.99 | VJ7: 73.86 | VK7: #N/A N/A | VL7: 37.34 | VM7: 119.25 | VN7: 39.55 | VO7: 38.38 | VP7: 26.01 | VQ7: 13.0015 | VR7: #N/A N/A | VS7: #N/A N/A | VT7: 31.73 | VU7: #N/A N/A | VV7: 26.18 | VW7: 14.57 | VX7: 31.41 | VY7: 131.5 | VZ7: #N/A N/A | WA7: 36.5 | WB7: 89.43 | WC7: 41.76 | WD7: 27.69 | WE7: 22.0515 | WF7: 49.3631 | WG7: #N/A N/A | WH7: 72.3033 | WI7: 45.71 | WJ7: 24.53 | WK7: 30.62 | WL7: 7.09 | WM7: 111.11 | WN7: 34.24 | WO7: 24.75 | WP7: 31.62 | WQ7: 82.6 | WR7: 72.29 | WS7: #N/A N/A | WT7: 73.69 | WU7: 57.49 | WV7: 18.64 | WW7: 32.17 | WX7: 104.17 | WY7: #N/A N/A | WZ7: 6.35 | XA7: 50.1104 | XB7: 112.77 | XC7: 28.97 | XD7: #N/A N/A | XE7: 56.3 | XF7: 30.95 | XG7: 86.35 | XH7: #N/A N/A | XI7: 43.43 | XJ7: 83.32 | XK7: #N/A N/A | XL7: 25.19 | XM7: #N/A N/A | XN7: 31.72 | XO7: 65.81 | XP7: #N/A N/A | XQ7: 13.3 | XR7: 64.64 | XS7: 22.52 | XT7: 12.54 | XU7: 54.24 | XV7: 36.99 | XW7: 22.1 | XX7: 62.47 | XY7: 50.9 | XZ7: 38.12 | YA7: 66.59 | YB7: 53.38 | YC7: 98.28 | YD7: #N/A N/A | YE7: 26.0742 | YF7: 5.3919 | YG7: 18.8347 | YH7: 34.37 | YI7: 56.99 | YJ7: 89.14 | YK7: 16.71 | YL7: 147.55 | YM7: #N/A N/A | YN7: 71.34 | YO7: #N/A N/A | YP7: 55.2 | YQ7: 44.47 | YR7: 72.42 | YS7: 97.39 | YT7: 2.61 | YU7: 132.29 | YV7: 66.85 | YW7: #N/A N/A | YX7: 46.78 | YY7: 26.91 | YZ7: 7.24 | ZA7: 99.08 | ZB7: 22.24 | ZC7: 16.91 | ZD7: 44.44 | ZE7: 36.45 | ZF7: #N/A N/A | ZG7: 59.155 | ZH7: 35.08 | ZI7: 41.08 | ZJ7: 36.77 | ZK7: 44.9 | ZL7: 36.7 | ZM7: 3649.1935 | ZN7: 293.5485 | ZO7: #N/A N/A | ZP7: #N/A N/A | ZQ7: 61.67 | ZR7: 53.52 | ZS7: 34.26 | ZT7: 18.22 | ZU7: 27.8249 | ZV7: #N/A N/A | ZW7: #N/A N/A | ZX7: 86.72 | ZY7: 7.9967 | ZZ7: 14.38 | AAA7: 60.3086 | AAB7: 15.19 | AAC7: 49.25 | AAD7: 68.68 | AAE7: 17.16 | AAF7: 27.09 | AAG7: 17.532 | AAH7: 10.18 | AAI7: 36.57 | AAJ7: 56.71 | AAK7: #N/A N/A | AAL7: 26.4976 | AAM7: 63.37 | AAN7: 32.34 | AAO7: 56.32 | AAP7: 39.6613 | AAQ7: 60.4497 | AAR7: 93.59 | AAS7: 10.38 | AAT7: 43.59 | AAU7: 21.92 | AAV7: 23.28 | AAW7: 8.5575 | AAX7: 266.037 | AAY7: 56.91 | AAZ7: 12.51 | ABA7: 9.9 | ABB7: 43.13 | ABC7: 53.2 | ABD7: 60.71 | ABE7: 8.27 | ABF7: 28.22 | ABG7: #N/A N/A | ABH7: 57.21 | ABI7: #N/A N/A | ABJ7: 17.84 | ABK7: 72.4 | ABL7: 31.72 | ABM7: 35.21 | ABN7: 27.0975 | ABO7: 55.26 | ABP7: 56.16 | ABQ7: 48.19 | ABR7: 47.5 | ABS7: 50.68 | ABT7: 35.57 | ABU7: 31.01 | ABV7: 26.195 | ABW7: 43.15 | ABX7: 20.27 | ABY7: 43.89 | ABZ7: 67.63 | ACA7: 44.24 | ACB7: 27.2 | ACC7: 41.43 | ACD7: 80.99 | ACE7: #N/A N/A | ACF7: #N/A N/A | ACG7: #N/A N/A | ACH7: 26.57 | ACI7: 52.6939 | ACJ7: 28.69 | ACK7: #N/A N/A | ACL7: 56.31 | ACM7: 35.1 | ACN7: 740 | ACO7: 21.31 | ACP7: 32.736 | ACQ7: #N/A N/A | ACR7: 164.2492 | ACS7: 26.52 | ACT7: 25.3 | ACU7: 46.06 | ACV7: 32.51 | ACW7: 14.76 | ACX7: 37.65 | ACY7: 188.86 | ACZ7: 82.34 | ADA7: 35.6 | ADB7: 67.25 | ADC7: 117.8 | ADD7: 56.94 | ADE7: 23.01 | ADF7: 28.41 | ADG7: 54.2 | ADH7: 32.05 | ADI7: 48.65 | ADJ7: 50.81 | ADK7: 75.19 | ADL7: 17.807 | ADM7: 58.13 | ADN7: 52.75 | ADO7: 67.28 | ADP7: 35.296924 | ADQ7: 77.2 | ADR7: 7.3886 | ADS7: 109.01 | ADT7: 41.01 | ADU7: 42.07 | ADV7: 34.97 | ADW7: 25.2967 | ADX7: 49.86 | ADY7: 27.483 | ADZ7: 61.06 | AEA7: 27.4783 | AEB7: 14.84 | AEC7: 10.3473 | AED7: 40.32 | AEE7: 27.909 | AEF7: #N/A N/A | AEG7: 51.35 | AEH7: 23.4965 | AEI7: 23.49 | AEJ7: 92.73 | AEK7: 57.1294 | AEL7: 31.39 | AEM7: 39.73 | AEN7: 221.84 | AEO7: 65.02 | AEP7: 7.607 | AEQ7: 49.05 | AER7: #N/A N/A | AES7: 44.595 | AET7: 57.3 | AEU7: 70.413938 | AEV7: 15.83 | AEW7: 17.06 | AEX7: 31.19 | AEY7: 72.38
